episode,day,actions,allocation_weights,portfolio_return,reward,new_portfolio_value
1,1,"[0.5, 0.5]","0.50, 0.50",-0.05%,999.50,"1,000"
1,2,"0.05, 0.92","0.30, 0.70",-0.07%,998.79,999
1,3,"0.88, 0.55","0.58, 0.42",-0.04%,998.38,998
1,4,"0.72, 0.83","0.47, 0.53",-0.05%,997.85,998
1,5,"0.63, 0.87","0.44, 0.56",-0.06%,997.29,997
1,6,"0.05, 0.53","0.38, 0.62",-0.06%,996.67,997
1,7,"0.78, 0.02","0.68, 0.32",-0.03%,996.34,996
1,8,"0.31, 0.53","0.44, 0.56",-0.06%,995.79,996
1,9,"0.02, 0.87","0.30, 0.70",-0.07%,995.08,995
1,10,"0.66, 0.26","0.60, 0.40",-0.04%,994.68,995
1,11,"0.92, 0.59","0.58, 0.42",-0.04%,994.26,994
1,12,"0.82, 0.62","0.55, 0.45",-0.05%,993.80,994
1,13,"0.73, 0.11","0.65, 0.35",-0.04%,993.45,993
1,14,"0.02, 0.79","0.32, 0.68",-0.07%,992.76,993
1,15,"0.73, 0.14","0.64, 0.36",-0.04%,992.40,992
1,16,"0.62, 0.76","0.47, 0.53",-0.05%,991.87,992
1,17,"0.73, 0.92","0.45, 0.55",-0.06%,991.32,991
1,18,"0.55, 0.49","0.51, 0.49",-0.05%,990.83,991
1,19,"0.00, 0.68","0.34, 0.66",-0.07%,990.16,990
1,20,"0.20, 0.48","0.43, 0.57",-0.06%,989.58,990
1,21,"0.03, 0.72","0.33, 0.67",-0.07%,988.91,989
1,22,"0.25, 0.23","0.51, 0.49",-0.05%,988.41,988
1,23,"0.66, 0.23","0.61, 0.39",-0.04%,988.01,988
1,24,"0.90, 0.92","0.50, 0.50",-0.05%,987.50,988
1,25,"0.48, 0.62","0.47, 0.53",-0.05%,986.96,987
1,26,"0.55, 0.61","0.49, 0.51",-0.05%,986.44,986
1,27,"0.72, 0.44","0.57, 0.43",-0.04%,986.01,986
1,28,"0.24, 0.26","0.49, 0.51",-0.05%,985.49,985
1,29,"0.33, 0.20","0.53, 0.47",-0.05%,985.02,985
1,30,"0.30, 0.93","0.35, 0.65",-0.07%,984.35,984
1,31,"0.47, 0.99","0.37, 0.63",-0.06%,983.72,984
1,32,"0.85, 0.15","0.67, 0.33",-0.03%,983.38,983
1,33,"0.60, 0.16","0.61, 0.39",-0.04%,982.98,983
1,34,"0.28, 0.99","0.33, 0.67",-0.07%,982.30,982
1,35,"0.62, 0.96","0.42, 0.58",-0.06%,981.71,982
1,36,"0.77, 0.11","0.66, 0.34",-0.04%,981.36,981
1,37,"0.82, 0.71","0.53, 0.47",-0.05%,980.88,981
1,38,"0.49, 0.88","0.40, 0.60",-0.06%,980.27,980
1,39,"0.10, 0.63","0.37, 0.63",-0.07%,979.63,980
1,40,"0.58, 0.44","0.53, 0.47",-0.05%,979.16,979
1,41,"0.36, 0.35","0.50, 0.50",-0.05%,978.65,979
1,42,"0.73, 0.29","0.61, 0.39",-0.04%,978.25,978
1,43,"0.43, 0.26","0.54, 0.46",-0.05%,977.78,978
1,44,"0.58, 0.04","0.63, 0.37",-0.04%,977.40,977
1,45,"0.70, 0.88","0.45, 0.55",-0.06%,976.85,977
1,46,"0.50, 0.65","0.46, 0.54",-0.06%,976.30,976
1,47,"0.50, 0.50","0.50, 0.50",-0.05%,975.79,976
1,48,"0.30, 0.24","0.51, 0.49",-0.05%,975.29,975
1,49,"0.49, 0.98","0.38, 0.62",-0.07%,974.65,975
1,50,"0.70, 0.99","0.43, 0.57",-0.06%,974.07,974
1,51,"0.18, 0.92","0.32, 0.68",-0.07%,973.37,973
1,52,"0.22, 0.18","0.51, 0.49",-0.05%,972.87,973
1,53,"0.34, 0.27","0.52, 0.48",-0.05%,972.38,972
1,54,"0.97, 0.95","0.50, 0.50",-0.05%,971.87,972
1,55,"0.42, 0.92","0.38, 0.62",-0.07%,971.23,971
1,56,"0.02, 0.12","0.47, 0.53",-0.06%,970.69,971
1,57,"0.98, 0.57","0.60, 0.40",-0.04%,970.27,970
1,58,"0.15, 0.78","0.35, 0.65",-0.07%,969.60,970
1,59,"0.40, 0.28","0.53, 0.47",-0.05%,969.12,969
1,60,"0.83, 0.09","0.68, 0.32",-0.03%,968.79,969
1,61,"0.95, 0.90","0.51, 0.49",-0.05%,968.28,968
1,62,"0.66, 0.90","0.44, 0.56",-0.06%,967.71,968
1,63,"0.66, 0.70","0.49, 0.51",-0.05%,967.18,967
1,64,"0.96, 0.41","0.63, 0.37",-0.04%,966.80,967
1,65,"0.08, 0.57","0.38, 0.62",-0.07%,966.16,966
1,66,"0.78, 0.51","0.57, 0.43",-0.05%,965.72,966
1,67,"0.55, 0.33","0.56, 0.44",-0.05%,965.26,965
1,68,"0.86, 0.06","0.69, 0.31",-0.03%,964.93,965
1,69,"0.36, 0.37","0.50, 0.50",-0.05%,964.41,964
1,70,"0.52, 0.60","0.48, 0.52",-0.06%,963.88,964
1,71,"0.59, 0.14","0.61, 0.39",-0.04%,963.47,963
1,72,"0.22, 0.62","0.40, 0.60",-0.06%,962.85,963
1,73,"0.62, 0.41","0.55, 0.45",-0.05%,962.39,962
1,74,"0.39, 0.22","0.54, 0.46",-0.05%,961.91,962
1,75,"0.95, 0.38","0.64, 0.36",-0.04%,961.53,962
1,76,"0.19, 0.51","0.42, 0.58",-0.06%,960.93,961
1,77,"0.21, 0.43","0.44, 0.56",-0.06%,960.35,960
1,78,"0.28, 0.29","0.50, 0.50",-0.05%,959.83,960
1,79,"0.61, 0.69","0.48, 0.52",-0.06%,959.29,959
1,80,"0.17, 0.93","0.32, 0.68",-0.07%,958.58,959
1,81,"0.10, 0.68","0.36, 0.64",-0.07%,957.91,958
1,82,"0.25, 0.17","0.52, 0.48",-0.05%,957.41,957
1,83,"0.73, 0.56","0.54, 0.46",-0.05%,956.93,957
1,84,"0.15, 0.38","0.44, 0.56",-0.06%,956.35,956
1,85,"0.56, 0.53","0.51, 0.49",-0.05%,955.84,956
1,86,"0.53, 0.77","0.44, 0.56",-0.06%,955.25,955
1,87,"0.98, 0.38","0.65, 0.35",-0.04%,954.89,955
1,88,"0.30, 0.68","0.41, 0.59",-0.06%,954.26,954
1,89,"0.00, 0.01","0.50, 0.50",-0.06%,953.74,954
1,90,"0.75, 0.55","0.55, 0.45",-0.05%,953.27,953
1,91,"0.35, 0.97","0.35, 0.65",-0.07%,952.59,953
1,92,"0.69, 0.03","0.66, 0.34",-0.04%,952.23,952
1,93,"0.03, 0.40","0.41, 0.59",-0.07%,951.61,952
1,94,"0.42, 0.08","0.58, 0.42",-0.05%,951.17,951
1,95,"0.90, 0.88","0.50, 0.50",-0.05%,950.65,951
1,96,"0.43, 0.62","0.45, 0.55",-0.06%,950.08,950
1,97,"0.58, 0.82","0.44, 0.56",-0.06%,949.49,949
1,98,"0.80, 0.89","0.48, 0.52",-0.06%,948.94,949
1,99,"0.05, 0.44","0.40, 0.60",-0.07%,948.31,948
1,100,"0.60, 0.58","0.50, 0.50",-0.05%,947.79,948
1,101,"0.00, 1.00","0.27, 0.73",-0.08%,947.02,947
1,102,"0.00, 1.00","0.27, 0.73",-0.08%,946.25,946
1,103,"0.00, 1.00","0.27, 0.73",-0.08%,945.48,945
1,104,"0.00, 1.00","0.27, 0.73",-0.08%,944.71,945
1,105,"0.00, 1.00","0.27, 0.73",-0.08%,943.94,944
1,106,"0.00, 1.00","0.27, 0.73",-0.08%,943.16,943
1,107,"0.00, 1.00","0.27, 0.73",-0.08%,942.39,942
1,108,"0.00, 1.00","0.27, 0.73",-0.08%,941.62,942
1,109,"0.00, 1.00","0.27, 0.73",-0.08%,940.85,941
1,110,"0.00, 1.00","0.27, 0.73",-0.08%,940.08,940
1,111,"0.00, 1.00","0.27, 0.73",-0.08%,939.31,939
1,112,"0.00, 1.00","0.27, 0.73",-0.08%,938.53,939
1,113,"0.00, 1.00","0.27, 0.73",-0.08%,937.76,938
1,114,"0.00, 1.00","0.27, 0.73",-0.08%,936.99,937
1,115,"0.00, 1.00","0.27, 0.73",-0.08%,936.21,936
1,116,"0.00, 1.00","0.27, 0.73",-0.08%,935.44,935
1,117,"0.00, 1.00","0.27, 0.73",-0.08%,934.67,935
1,118,"0.00, 1.00","0.27, 0.73",-0.08%,933.89,934
1,119,"0.00, 1.00","0.27, 0.73",-0.08%,933.12,933
1,120,"0.00, 1.00","0.27, 0.73",-0.08%,932.35,932
1,121,"0.00, 1.00","0.27, 0.73",-0.08%,931.57,932
1,122,"0.00, 1.00","0.27, 0.73",-0.08%,930.80,931
1,123,"0.00, 1.00","0.27, 0.73",-0.08%,930.02,930
1,124,"0.00, 1.00","0.27, 0.73",-0.08%,929.25,929
1,125,"0.00, 1.00","0.27, 0.73",-0.08%,928.47,928
1,126,"0.00, 1.00","0.27, 0.73",-0.08%,927.69,928
1,127,"0.00, 1.00","0.27, 0.73",-0.08%,926.92,927
1,128,"0.00, 1.00","0.27, 0.73",-0.08%,926.14,926
1,129,"0.00, 1.00","0.27, 0.73",-0.08%,925.37,925
1,130,"0.00, 1.00","0.27, 0.73",-0.08%,924.59,925
1,131,"0.00, 1.00","0.27, 0.73",-0.08%,923.81,924
1,132,"0.00, 1.00","0.27, 0.73",-0.08%,923.03,923
1,133,"0.00, 1.00","0.27, 0.73",-0.08%,922.26,922
1,134,"0.00, 1.00","0.27, 0.73",-0.08%,921.48,921
1,135,"0.00, 1.00","0.27, 0.73",-0.08%,920.70,921
1,136,"0.00, 1.00","0.27, 0.73",-0.08%,919.92,920
1,137,"0.00, 1.00","0.27, 0.73",-0.08%,919.15,919
1,138,"0.00, 1.00","0.27, 0.73",-0.08%,918.37,918
1,139,"0.00, 1.00","0.27, 0.73",-0.08%,917.59,918
1,140,"0.00, 1.00","0.27, 0.73",-0.08%,916.81,917
1,141,"0.00, 1.00","0.27, 0.73",-0.09%,916.03,916
1,142,"0.00, 1.00","0.27, 0.73",-0.09%,915.25,915
1,143,"0.00, 1.00","0.27, 0.73",-0.09%,914.47,914
1,144,"0.00, 1.00","0.27, 0.73",-0.09%,913.69,914
1,145,"0.00, 1.00","0.27, 0.73",-0.09%,912.91,913
1,146,"0.00, 1.00","0.27, 0.73",-0.09%,912.13,912
1,147,"0.00, 1.00","0.27, 0.73",-0.09%,911.35,911
1,148,"0.00, 1.00","0.27, 0.73",-0.09%,910.57,911
1,149,"0.00, 1.00","0.27, 0.73",-0.09%,909.79,910
1,150,"0.00, 1.00","0.27, 0.73",-0.09%,909.00,909
1,151,"0.00, 1.00","0.27, 0.73",-0.09%,908.22,908
1,152,"0.00, 1.00","0.27, 0.73",-0.09%,907.44,907
1,153,"0.00, 1.00","0.27, 0.73",-0.09%,906.66,907
1,154,"0.00, 1.00","0.27, 0.73",-0.09%,905.88,906
1,155,"0.00, 1.00","0.27, 0.73",-0.09%,905.09,905
1,156,"0.00, 1.00","0.27, 0.73",-0.09%,904.31,904
1,157,"0.00, 1.00","0.27, 0.73",-0.09%,903.53,904
1,158,"0.00, 1.00","0.27, 0.73",-0.09%,902.74,903
1,159,"0.00, 1.00","0.27, 0.73",-0.09%,901.96,902
1,160,"0.00, 1.00","0.27, 0.73",-0.09%,901.18,901
1,161,"0.00, 1.00","0.27, 0.73",-0.09%,900.39,900
1,162,"0.00, 1.00","0.27, 0.73",-0.09%,899.61,900
1,163,"0.00, 1.00","0.27, 0.73",-0.09%,898.82,899
1,164,"0.00, 1.00","0.27, 0.73",-0.09%,898.04,898
1,165,"0.00, 1.00","0.27, 0.73",-0.09%,897.25,897
1,166,"0.00, 1.00","0.27, 0.73",-0.09%,896.47,896
1,167,"0.00, 1.00","0.27, 0.73",-0.09%,895.68,896
1,168,"0.00, 1.00","0.27, 0.73",-0.09%,894.89,895
1,169,"0.00, 1.00","0.27, 0.73",-0.09%,894.11,894
1,170,"0.00, 1.00","0.27, 0.73",-0.09%,893.32,893
1,171,"0.00, 1.00","0.27, 0.73",-0.09%,892.53,893
1,172,"0.00, 1.00","0.27, 0.73",-0.09%,891.75,892
1,173,"0.00, 1.00","0.27, 0.73",-0.09%,890.96,891
1,174,"0.00, 1.00","0.27, 0.73",-0.09%,890.17,890
1,175,"0.00, 1.00","0.27, 0.73",-0.09%,889.38,889
1,176,"0.00, 1.00","0.27, 0.73",-0.09%,888.60,889
1,177,"0.00, 1.00","0.27, 0.73",-0.09%,887.81,888
1,178,"0.00, 1.00","0.27, 0.73",-0.09%,887.02,887
1,179,"0.00, 1.00","0.27, 0.73",-0.09%,886.23,886
1,180,"0.00, 1.00","0.27, 0.73",-0.09%,885.44,885
1,181,"0.00, 1.00","0.27, 0.73",-0.09%,884.65,885
1,182,"0.00, 1.00","0.27, 0.73",-0.09%,883.86,884
1,183,"0.00, 1.00","0.27, 0.73",-0.09%,883.07,883
1,184,"0.00, 1.00","0.27, 0.73",-0.09%,882.28,882
1,185,"0.00, 1.00","0.27, 0.73",-0.09%,881.49,881
1,186,"0.00, 1.00","0.27, 0.73",-0.09%,880.70,881
1,187,"0.00, 1.00","0.27, 0.73",-0.09%,879.91,880
1,188,"0.00, 1.00","0.27, 0.73",-0.09%,879.12,879
1,189,"0.00, 1.00","0.27, 0.73",-0.09%,878.33,878
1,190,"0.00, 1.00","0.27, 0.73",-0.09%,877.54,878
1,191,"0.00, 1.00","0.27, 0.73",-0.09%,876.74,877
1,192,"0.00, 1.00","0.27, 0.73",-0.09%,875.95,876
1,193,"0.00, 1.00","0.27, 0.73",-0.09%,875.16,875
1,194,"0.00, 1.00","0.27, 0.73",-0.09%,874.37,874
1,195,"0.00, 1.00","0.27, 0.73",-0.09%,873.57,874
1,196,"0.00, 1.00","0.27, 0.73",-0.09%,872.78,873
1,197,"0.00, 1.00","0.27, 0.73",-0.09%,871.99,872
1,198,"0.00, 1.00","0.27, 0.73",-0.09%,871.19,871
1,199,"0.00, 1.00","0.27, 0.73",-0.09%,870.40,870
1,200,"0.00, 1.00","0.27, 0.73",-0.09%,869.60,870
1,201,"0.00, 1.00","0.27, 0.73",-0.09%,868.81,869
1,202,"0.00, 1.00","0.27, 0.73",-0.09%,868.01,868
1,203,"0.00, 1.00","0.27, 0.73",-0.09%,867.22,867
1,204,"0.00, 1.00","0.27, 0.73",-0.09%,866.42,866
1,205,"0.00, 1.00","0.27, 0.73",-0.09%,865.63,866
1,206,"0.00, 1.00","0.27, 0.73",-0.09%,864.83,865
1,207,"0.00, 1.00","0.27, 0.73",-0.09%,864.03,864
1,208,"0.00, 1.00","0.27, 0.73",-0.09%,863.24,863
1,209,"0.00, 1.00","0.27, 0.73",-0.09%,862.44,862
1,210,"0.00, 1.00","0.27, 0.73",-0.09%,861.64,862
1,211,"0.00, 1.00","0.27, 0.73",-0.09%,860.85,861
1,212,"0.00, 1.00","0.27, 0.73",-0.09%,860.05,860
1,213,"0.00, 1.00","0.27, 0.73",-0.09%,859.25,859
1,214,"0.00, 1.00","0.27, 0.73",-0.09%,858.45,858
1,215,"0.00, 1.00","0.27, 0.73",-0.09%,857.65,858
1,216,"0.00, 1.00","0.27, 0.73",-0.09%,856.86,857
1,217,"0.00, 1.00","0.27, 0.73",-0.09%,856.06,856
1,218,"0.00, 1.00","0.27, 0.73",-0.09%,855.26,855
1,219,"0.00, 1.00","0.27, 0.73",-0.09%,854.46,854
1,220,"0.00, 1.00","0.27, 0.73",-0.09%,853.66,854
1,221,"0.00, 1.00","0.27, 0.73",-0.09%,852.86,853
1,222,"0.00, 1.00","0.27, 0.73",-0.09%,852.06,852
1,223,"0.00, 1.00","0.27, 0.73",-0.09%,851.26,851
1,224,"0.00, 1.00","0.27, 0.73",-0.09%,850.46,850
1,225,"0.00, 1.00","0.27, 0.73",-0.09%,849.66,850
1,226,"0.00, 1.00","0.27, 0.73",-0.09%,848.85,849
1,227,"0.00, 1.00","0.27, 0.73",-0.09%,848.05,848
1,228,"0.00, 1.00","0.27, 0.73",-0.09%,847.25,847
1,229,"0.00, 1.00","0.27, 0.73",-0.09%,846.45,846
1,230,"0.00, 1.00","0.27, 0.73",-0.09%,845.65,846
1,231,"0.00, 1.00","0.27, 0.73",-0.09%,844.84,845
1,232,"0.00, 1.00","0.27, 0.73",-0.10%,844.04,844
1,233,"0.00, 1.00","0.27, 0.73",-0.10%,843.24,843
1,234,"0.00, 1.00","0.27, 0.73",-0.10%,842.43,842
1,235,"0.00, 1.00","0.27, 0.73",-0.10%,841.63,842
1,236,"0.00, 1.00","0.27, 0.73",-0.10%,840.82,841
1,237,"0.00, 1.00","0.27, 0.73",-0.10%,840.02,840
1,238,"0.00, 1.00","0.27, 0.73",-0.10%,839.21,839
1,239,"0.00, 1.00","0.27, 0.73",-0.10%,838.41,838
1,240,"0.00, 1.00","0.27, 0.73",-0.10%,837.60,838
1,241,"0.00, 1.00","0.27, 0.73",-0.10%,836.80,837
1,242,"0.00, 1.00","0.27, 0.73",-0.10%,835.99,836
1,243,"0.00, 1.00","0.27, 0.73",-0.10%,835.19,835
1,244,"0.00, 1.00","0.27, 0.73",-0.10%,834.38,834
1,245,"0.00, 1.00","0.27, 0.73",-0.10%,833.57,834
1,246,"0.00, 1.00","0.27, 0.73",-0.10%,832.77,833
1,247,"0.00, 1.00","0.27, 0.73",-0.10%,831.96,832
1,248,"0.00, 1.00","0.27, 0.73",-0.10%,831.15,831
1,249,"0.00, 1.00","0.27, 0.73",-0.10%,830.34,830
1,250,"0.00, 1.00","0.27, 0.73",-0.10%,829.53,830
1,251,"0.00, 1.00","0.27, 0.73",-0.10%,828.73,829
1,252,"0.00, 1.00","0.27, 0.73",-0.10%,827.92,828
1,253,"0.00, 1.00","0.27, 0.73",-0.10%,827.11,827
1,254,"0.00, 1.00","0.27, 0.73",-0.10%,826.30,826
1,255,"0.00, 1.00","0.27, 0.73",-0.10%,825.49,825
1,256,"0.00, 1.00","0.27, 0.73",-0.10%,824.68,825
1,257,"0.00, 1.00","0.27, 0.73",-0.10%,823.87,824
1,258,"0.00, 1.00","0.27, 0.73",-0.10%,823.06,823
1,259,"0.00, 1.00","0.27, 0.73",-0.10%,822.25,822
1,260,"0.00, 1.00","0.27, 0.73",-0.10%,821.43,821
1,261,"0.00, 1.00","0.27, 0.73",-0.10%,820.62,821
1,262,"0.00, 1.00","0.27, 0.73",-0.10%,819.81,820
1,263,"0.00, 1.00","0.27, 0.73",-0.10%,819.00,819
1,264,"0.00, 1.00","0.27, 0.73",-0.10%,818.19,818
1,265,"0.00, 1.00","0.27, 0.73",-0.10%,817.37,817
1,266,"0.00, 1.00","0.27, 0.73",-0.10%,816.56,817
1,267,"0.00, 1.00","0.27, 0.73",-0.10%,815.75,816
1,268,"0.00, 1.00","0.27, 0.73",-0.10%,814.93,815
1,269,"0.00, 1.00","0.27, 0.73",-0.10%,814.12,814
1,270,"0.00, 1.00","0.27, 0.73",-0.10%,813.31,813
1,271,"0.00, 1.00","0.27, 0.73",-0.10%,812.49,812
1,272,"0.00, 1.00","0.27, 0.73",-0.10%,811.68,812
1,273,"0.00, 1.00","0.27, 0.73",-0.10%,810.86,811
1,274,"0.00, 1.00","0.27, 0.73",-0.10%,810.05,810
1,275,"0.00, 1.00","0.27, 0.73",-0.10%,809.23,809
1,276,"0.00, 1.00","0.27, 0.73",-0.10%,808.41,808
1,277,"0.00, 1.00","0.27, 0.73",-0.10%,807.60,808
1,278,"0.00, 1.00","0.27, 0.73",-0.10%,806.78,807
1,279,"0.00, 1.00","0.27, 0.73",-0.10%,805.97,806
1,280,"0.00, 1.00","0.27, 0.73",-0.10%,805.15,805
1,281,"0.00, 1.00","0.27, 0.73",-0.10%,804.33,804
1,282,"1.00, 1.00","0.50, 0.50",-0.07%,803.77,804
1,283,"1.00, 1.00","0.50, 0.50",-0.07%,803.21,803
1,284,"1.00, 0.00","0.73, 0.27",-0.04%,802.91,803
1,285,"1.00, 0.00","0.73, 0.27",-0.04%,802.61,803
1,286,"1.00, 0.00","0.73, 0.27",-0.04%,802.31,802
1,287,"1.00, 0.00","0.73, 0.27",-0.04%,802.00,802
1,288,"1.00, 0.00","0.73, 0.27",-0.04%,801.70,802
1,289,"1.00, 0.00","0.73, 0.27",-0.04%,801.40,801
1,290,"1.00, 0.00","0.73, 0.27",-0.04%,801.10,801
1,291,"1.00, 0.00","0.73, 0.27",-0.04%,800.79,801
1,292,"1.00, 0.00","0.73, 0.27",-0.04%,800.49,800
1,293,"1.00, 0.00","0.73, 0.27",-0.04%,800.18,800
1,294,"1.00, 0.00","0.73, 0.27",-0.04%,799.88,800
1,295,"1.00, 0.00","0.73, 0.27",-0.04%,799.58,800
1,296,"1.00, 0.00","0.73, 0.27",-0.04%,799.27,799
1,297,"1.00, 0.00","0.73, 0.27",-0.04%,798.97,799
1,298,"1.00, 0.00","0.73, 0.27",-0.04%,798.66,799
1,299,"1.00, 0.00","0.73, 0.27",-0.04%,798.35,798
1,300,"1.00, 0.00","0.73, 0.27",-0.04%,798.05,798
1,301,"1.00, 0.00","0.73, 0.27",-0.04%,797.74,798
1,302,"1.00, 0.00","0.73, 0.27",-0.04%,797.43,797
1,303,"1.00, 0.00","0.73, 0.27",-0.04%,797.13,797
1,304,"1.00, 0.00","0.73, 0.27",-0.04%,796.82,797
1,305,"1.00, 0.00","0.73, 0.27",-0.04%,796.51,797
1,306,"1.00, 0.00","0.73, 0.27",-0.04%,796.20,796
1,307,"1.00, 0.00","0.73, 0.27",-0.04%,795.89,796
1,308,"1.00, 0.00","0.73, 0.27",-0.04%,795.59,796
1,309,"1.00, 0.00","0.73, 0.27",-0.04%,795.28,795
1,310,"1.00, 0.00","0.73, 0.27",-0.04%,794.97,795
1,311,"1.00, 0.00","0.73, 0.27",-0.04%,794.66,795
1,312,"1.00, 0.00","0.73, 0.27",-0.04%,794.35,794
1,313,"1.00, 0.00","0.73, 0.27",-0.04%,794.04,794
1,314,"1.00, 0.00","0.73, 0.27",-0.04%,793.73,794
1,315,"1.00, 0.00","0.73, 0.27",-0.04%,793.41,793
1,316,"1.00, 0.00","0.73, 0.27",-0.04%,793.10,793
1,317,"1.00, 0.00","0.73, 0.27",-0.04%,792.79,793
1,318,"1.00, 0.00","0.73, 0.27",-0.04%,792.48,792
1,319,"1.00, 0.00","0.73, 0.27",-0.04%,792.17,792
1,320,"1.00, 0.00","0.73, 0.27",-0.04%,791.85,792
1,321,"1.00, 0.00","0.73, 0.27",-0.04%,791.54,792
1,322,"1.00, 0.00","0.73, 0.27",-0.04%,791.23,791
1,323,"1.00, 0.00","0.73, 0.27",-0.04%,790.91,791
1,324,"1.00, 0.00","0.73, 0.27",-0.04%,790.60,791
1,325,"1.00, 0.00","0.73, 0.27",-0.04%,790.28,790
1,326,"1.00, 0.00","0.73, 0.27",-0.04%,789.97,790
1,327,"1.00, 0.00","0.73, 0.27",-0.04%,789.65,790
1,328,"1.00, 0.00","0.73, 0.27",-0.04%,789.34,789
1,329,"1.00, 0.00","0.73, 0.27",-0.04%,789.02,789
1,330,"1.00, 0.00","0.73, 0.27",-0.04%,788.71,789
1,331,"1.00, 0.00","0.73, 0.27",-0.04%,788.39,788
1,332,"1.00, 0.00","0.73, 0.27",-0.04%,788.07,788
1,333,"1.00, 0.00","0.73, 0.27",-0.04%,787.76,788
1,334,"1.00, 0.00","0.73, 0.27",-0.04%,787.44,787
1,335,"1.00, 0.00","0.73, 0.27",-0.04%,787.12,787
1,336,"1.00, 0.00","0.73, 0.27",-0.04%,786.80,787
1,337,"1.00, 0.00","0.73, 0.27",-0.04%,786.48,786
1,338,"1.00, 0.00","0.73, 0.27",-0.04%,786.16,786
1,339,"1.00, 0.00","0.73, 0.27",-0.04%,785.84,786
1,340,"1.00, 0.00","0.73, 0.27",-0.04%,785.52,786
1,341,"1.00, 0.00","0.73, 0.27",-0.04%,785.20,785
1,342,"1.00, 0.00","0.73, 0.27",-0.04%,784.88,785
1,343,"1.00, 0.00","0.73, 0.27",-0.04%,784.56,785
1,344,"1.00, 0.00","0.73, 0.27",-0.04%,784.24,784
1,345,"1.00, 0.00","0.73, 0.27",-0.04%,783.92,784
1,346,"1.00, 0.00","0.73, 0.27",-0.04%,783.60,784
1,347,"1.00, 0.00","0.73, 0.27",-0.04%,783.28,783
1,348,"1.00, 0.00","0.73, 0.27",-0.04%,782.95,783
1,349,"1.00, 0.00","0.73, 0.27",-0.04%,782.63,783
1,350,"1.00, 0.00","0.73, 0.27",-0.04%,782.31,782
1,351,"1.00, 0.00","0.73, 0.27",-0.04%,781.98,782
1,352,"1.00, 0.00","0.73, 0.27",-0.04%,781.66,782
1,353,"1.00, 0.00","0.73, 0.27",-0.04%,781.34,781
1,354,"1.00, 0.00","0.73, 0.27",-0.04%,781.01,781
1,355,"1.00, 0.00","0.73, 0.27",-0.04%,780.69,781
1,356,"1.00, 0.00","0.73, 0.27",-0.04%,780.36,780
1,357,"1.00, 0.00","0.73, 0.27",-0.04%,780.03,780
1,358,"1.00, 0.00","0.73, 0.27",-0.04%,779.71,780
1,359,"1.00, 0.00","0.73, 0.27",-0.04%,779.38,779
1,360,"1.00, 0.00","0.73, 0.27",-0.04%,779.05,779
1,361,"1.00, 0.00","0.73, 0.27",-0.04%,778.73,779
1,362,"1.00, 0.00","0.73, 0.27",-0.04%,778.40,778
1,363,"1.00, 0.00","0.73, 0.27",-0.04%,778.07,778
1,364,"1.00, 0.00","0.73, 0.27",-0.04%,777.74,778
1,365,"1.00, 0.00","0.73, 0.27",-0.04%,777.41,777
1,366,"1.00, 0.00","0.73, 0.27",-0.04%,777.08,777
1,367,"1.00, 0.00","0.73, 0.27",-0.04%,776.75,777
1,368,"1.00, 0.00","0.73, 0.27",-0.04%,776.42,776
1,369,"1.00, 0.00","0.73, 0.27",-0.04%,776.09,776
1,370,"1.00, 0.00","0.73, 0.27",-0.04%,775.76,776
1,371,"1.00, 0.00","0.73, 0.27",-0.04%,775.43,775
1,372,"1.00, 0.00","0.73, 0.27",-0.04%,775.10,775
1,373,"1.00, 0.00","0.73, 0.27",-0.04%,774.77,775
1,374,"1.00, 0.00","0.73, 0.27",-0.04%,774.44,774
1,375,"1.00, 0.00","0.73, 0.27",-0.04%,774.10,774
1,376,"1.00, 0.00","0.73, 0.27",-0.04%,773.77,774
1,377,"1.00, 0.00","0.73, 0.27",-0.04%,773.44,773
1,378,"1.00, 0.00","0.73, 0.27",-0.04%,773.10,773
1,379,"1.00, 0.00","0.73, 0.27",-0.04%,772.77,773
1,380,"1.00, 0.00","0.73, 0.27",-0.04%,772.43,772
1,381,"1.00, 0.00","0.73, 0.27",-0.04%,772.10,772
1,382,"1.00, 0.00","0.73, 0.27",-0.04%,771.76,772
1,383,"1.00, 0.00","0.73, 0.27",-0.04%,771.43,771
1,384,"1.00, 0.00","0.73, 0.27",-0.04%,771.09,771
1,385,"1.00, 0.00","0.73, 0.27",-0.04%,770.76,771
1,386,"1.00, 0.00","0.73, 0.27",-0.04%,770.42,770
1,387,"1.00, 0.00","0.73, 0.27",-0.04%,770.08,770
1,388,"1.00, 0.00","0.73, 0.27",-0.04%,769.74,770
1,389,"1.00, 0.00","0.73, 0.27",-0.04%,769.40,769
1,390,"1.00, 0.00","0.73, 0.27",-0.04%,769.07,769
1,391,"1.00, 0.00","0.73, 0.27",-0.04%,768.73,769
1,392,"1.00, 0.00","0.73, 0.27",-0.04%,768.39,768
1,393,"1.00, 0.00","0.73, 0.27",-0.04%,768.05,768
1,394,"1.00, 0.00","0.73, 0.27",-0.04%,767.71,768
1,395,"1.00, 0.00","0.73, 0.27",-0.04%,767.37,767
1,396,"1.00, 0.00","0.73, 0.27",-0.04%,767.03,767
1,397,"1.00, 0.00","0.73, 0.27",-0.04%,766.68,767
1,398,"1.00, 0.00","0.73, 0.27",-0.04%,766.34,766
1,399,"1.00, 0.00","0.73, 0.27",-0.04%,766.00,766
1,400,"1.00, 0.00","0.73, 0.27",-0.04%,765.66,766
1,401,"1.00, 0.00","0.73, 0.27",-0.04%,765.31,765
1,402,"1.00, 0.00","0.73, 0.27",-0.04%,764.97,765
1,403,"1.00, 0.00","0.73, 0.27",-0.04%,764.63,765
1,404,"1.00, 0.00","0.73, 0.27",-0.05%,764.28,764
1,405,"1.00, 0.00","0.73, 0.27",-0.05%,763.94,764
1,406,"1.00, 0.00","0.73, 0.27",-0.05%,763.59,764
1,407,"1.00, 0.00","0.73, 0.27",-0.05%,763.25,763
1,408,"1.00, 0.00","0.73, 0.27",-0.05%,762.90,763
1,409,"1.00, 0.00","0.73, 0.27",-0.05%,762.55,763
1,410,"1.00, 0.00","0.73, 0.27",-0.05%,762.21,762
1,411,"1.00, 0.00","0.73, 0.27",-0.05%,761.86,762
1,412,"1.00, 0.00","0.73, 0.27",-0.05%,761.51,762
1,413,"1.00, 0.00","0.73, 0.27",-0.05%,761.16,761
1,414,"1.00, 0.00","0.73, 0.27",-0.05%,760.81,761
1,415,"1.00, 0.00","0.73, 0.27",-0.05%,760.46,760
1,416,"1.00, 0.00","0.73, 0.27",-0.05%,760.11,760
1,417,"1.00, 0.00","0.73, 0.27",-0.05%,759.76,760
1,418,"1.00, 0.00","0.73, 0.27",-0.05%,759.41,759
1,419,"1.00, 0.00","0.73, 0.27",-0.05%,759.06,759
1,420,"1.00, 0.00","0.73, 0.27",-0.05%,758.71,759
1,421,"1.00, 0.00","0.73, 0.27",-0.05%,758.36,758
1,422,"1.00, 0.00","0.73, 0.27",-0.05%,758.01,758
1,423,"1.00, 0.00","0.73, 0.27",-0.05%,757.65,758
1,424,"1.00, 0.00","0.73, 0.27",-0.05%,757.30,757
1,425,"1.00, 0.00","0.73, 0.27",-0.05%,756.95,757
1,426,"1.00, 0.00","0.73, 0.27",-0.05%,756.59,757
1,427,"1.00, 0.00","0.73, 0.27",-0.05%,756.24,756
1,428,"1.00, 0.00","0.73, 0.27",-0.05%,755.88,756
1,429,"1.00, 0.00","0.73, 0.27",-0.05%,755.53,756
1,430,"1.00, 0.00","0.73, 0.27",-0.05%,755.17,755
1,431,"1.00, 0.00","0.73, 0.27",-0.05%,754.82,755
1,432,"1.00, 0.00","0.73, 0.27",-0.05%,754.46,754
1,433,"1.00, 0.00","0.73, 0.27",-0.05%,754.10,754
1,434,"1.00, 0.00","0.73, 0.27",-0.05%,753.75,754
1,435,"1.00, 0.00","0.73, 0.27",-0.05%,753.39,753
1,436,"1.00, 0.00","0.73, 0.27",-0.05%,753.03,753
1,437,"1.00, 0.00","0.73, 0.27",-0.05%,752.67,753
1,438,"1.00, 0.00","0.73, 0.27",-0.05%,752.31,752
1,439,"1.00, 0.00","0.73, 0.27",-0.05%,751.95,752
1,440,"1.00, 0.00","0.73, 0.27",-0.05%,751.59,752
1,441,"1.00, 0.00","0.73, 0.27",-0.05%,751.23,751
1,442,"1.00, 0.00","0.73, 0.27",-0.05%,750.87,751
1,443,"1.00, 0.00","0.73, 0.27",-0.05%,750.51,751
1,444,"1.00, 0.00","0.73, 0.27",-0.05%,750.14,750
1,445,"1.00, 0.00","0.73, 0.27",-0.05%,749.78,750
1,446,"1.00, 0.00","0.73, 0.27",-0.05%,749.42,749
1,447,"1.00, 0.00","0.73, 0.27",-0.05%,749.05,749
1,448,"1.00, 0.00","0.73, 0.27",-0.05%,748.69,749
1,449,"1.00, 0.00","0.73, 0.27",-0.05%,748.32,748
1,450,"1.00, 0.00","0.73, 0.27",-0.05%,747.96,748
1,451,"1.00, 0.00","0.73, 0.27",-0.05%,747.59,748
1,452,"1.00, 0.00","0.73, 0.27",-0.05%,747.23,747
1,453,"1.00, 0.00","0.73, 0.27",-0.05%,746.86,747
1,454,"1.00, 0.00","0.73, 0.27",-0.05%,746.49,746
1,455,"1.00, 0.00","0.73, 0.27",-0.05%,746.13,746
1,456,"1.00, 0.00","0.73, 0.27",-0.05%,745.76,746
1,457,"1.00, 0.00","0.73, 0.27",-0.05%,745.39,745
1,458,"1.00, 0.00","0.73, 0.27",-0.05%,745.02,745
1,459,"1.00, 0.00","0.73, 0.27",-0.05%,744.65,745
1,460,"1.00, 0.00","0.73, 0.27",-0.05%,744.28,744
1,461,"1.00, 0.00","0.73, 0.27",-0.05%,743.91,744
1,462,"1.00, 0.00","0.73, 0.27",-0.05%,743.54,744
1,463,"1.00, 0.00","0.73, 0.27",-0.05%,743.17,743
1,464,"1.00, 0.00","0.73, 0.27",-0.05%,742.79,743
1,465,"1.00, 0.00","0.73, 0.27",-0.05%,742.42,742
1,466,"1.00, 0.00","0.73, 0.27",-0.05%,742.05,742
1,467,"1.00, 0.00","0.73, 0.27",-0.05%,741.67,742
1,468,"1.00, 0.00","0.73, 0.27",-0.05%,741.30,741
1,469,"1.00, 0.00","0.73, 0.27",-0.05%,740.92,741
1,470,"1.00, 0.00","0.73, 0.27",-0.05%,740.55,741
1,471,"1.00, 0.00","0.73, 0.27",-0.05%,740.17,740
1,472,"1.00, 0.00","0.73, 0.27",-0.05%,739.80,740
1,473,"1.00, 0.00","0.73, 0.27",-0.05%,739.42,739
1,474,"1.00, 0.00","0.73, 0.27",-0.05%,739.04,739
1,475,"1.00, 0.00","0.73, 0.27",-0.05%,738.67,739
1,476,"1.00, 0.00","0.73, 0.27",-0.05%,738.29,738
1,477,"1.00, 0.00","0.73, 0.27",-0.05%,737.91,738
1,478,"1.00, 0.00","0.73, 0.27",-0.05%,737.53,738
1,479,"1.00, 0.00","0.73, 0.27",-0.05%,737.15,737
1,480,"1.00, 0.00","0.73, 0.27",-0.05%,736.77,737
1,481,"1.00, 0.00","0.73, 0.27",-0.05%,736.39,736
1,482,"1.00, 0.00","0.73, 0.27",-0.05%,736.01,736
1,483,"1.00, 0.00","0.73, 0.27",-0.05%,735.62,736
1,484,"1.00, 0.00","0.73, 0.27",-0.05%,735.24,735
1,485,"1.00, 0.00","0.73, 0.27",-0.05%,734.86,735
1,486,"1.00, 0.00","0.73, 0.27",-0.05%,734.47,734
1,487,"1.00, 0.00","0.73, 0.27",-0.05%,734.09,734
1,488,"1.00, 0.00","0.73, 0.27",-0.05%,733.70,734
1,489,"1.00, 0.00","0.73, 0.27",-0.05%,733.32,733
1,490,"1.00, 0.00","0.73, 0.27",-0.05%,732.93,733
1,491,"1.00, 0.00","0.73, 0.27",-0.05%,732.55,733
1,492,"1.00, 0.00","0.73, 0.27",-0.05%,732.16,732
1,493,"1.00, 0.00","0.73, 0.27",-0.05%,731.77,732
1,494,"1.00, 0.00","0.73, 0.27",-0.05%,731.38,731
1,495,"1.00, 0.00","0.73, 0.27",-0.05%,731.00,731
1,496,"1.00, 0.00","0.73, 0.27",-0.05%,730.61,731
1,497,"1.00, 0.00","0.73, 0.27",-0.05%,730.22,730
1,498,"1.00, 0.00","0.73, 0.27",-0.05%,729.83,730
1,499,"1.00, 0.00","0.73, 0.27",-0.05%,729.43,729
1,500,"1.00, 0.00","0.73, 0.27",-0.05%,729.04,729
1,501,"1.00, 0.00","0.73, 0.27",-0.05%,728.65,729
1,502,"1.00, 0.00","0.73, 0.27",-0.05%,728.26,728
1,503,"1.00, 0.00","0.73, 0.27",-0.05%,727.86,728
1,504,"1.00, 0.00","0.73, 0.27",-0.05%,727.47,727
1,505,"1.00, 0.00","0.73, 0.27",-0.05%,727.08,727
1,506,"1.00, 0.00","0.73, 0.27",-0.05%,726.68,727
1,507,"1.00, 0.00","0.73, 0.27",-0.05%,726.29,726
1,508,"1.00, 0.00","0.73, 0.27",-0.05%,725.89,726
1,509,"1.00, 0.00","0.73, 0.27",-0.05%,725.49,725
1,510,"1.00, 0.00","0.73, 0.27",-0.05%,725.10,725
1,511,"1.00, 0.00","0.73, 0.27",-0.05%,724.70,725
1,512,"1.00, 0.00","0.73, 0.27",-0.05%,724.30,724
1,513,"1.00, 0.00","0.73, 0.27",-0.06%,723.90,724
1,514,"1.00, 0.00","0.73, 0.27",-0.06%,723.50,724
1,515,"1.00, 0.00","0.73, 0.27",-0.06%,723.10,723
1,516,"1.00, 0.00","0.73, 0.27",-0.06%,722.70,723
1,517,"1.00, 0.00","0.73, 0.27",-0.06%,722.30,722
1,518,"1.00, 0.00","0.73, 0.27",-0.06%,721.89,722
1,519,"1.00, 0.00","0.73, 0.27",-0.06%,721.49,721
1,520,"1.00, 0.00","0.73, 0.27",-0.06%,721.09,721
1,521,"1.00, 0.00","0.73, 0.27",-0.06%,720.68,721
1,522,"1.00, 0.00","0.73, 0.27",-0.06%,720.28,720
1,523,"1.00, 0.00","0.73, 0.27",-0.06%,719.87,720
1,524,"1.00, 0.00","0.73, 0.27",-0.06%,719.47,719
1,525,"1.00, 0.00","0.73, 0.27",-0.06%,719.06,719
1,526,"1.00, 0.00","0.73, 0.27",-0.06%,718.66,719
1,527,"1.00, 0.00","0.73, 0.27",-0.06%,718.25,718
1,528,"1.00, 0.00","0.73, 0.27",-0.06%,717.84,718
1,529,"1.00, 0.00","0.73, 0.27",-0.06%,717.43,717
1,530,"1.00, 0.00","0.73, 0.27",-0.06%,717.02,717
1,531,"1.00, 0.00","0.73, 0.27",-0.06%,716.61,717
1,532,"1.00, 0.00","0.73, 0.27",-0.06%,716.20,716
1,533,"1.00, 0.00","0.73, 0.27",-0.06%,715.79,716
1,534,"1.00, 0.00","0.73, 0.27",-0.06%,715.38,715
1,535,"1.00, 0.00","0.73, 0.27",-0.06%,714.96,715
1,536,"1.00, 0.00","0.73, 0.27",-0.06%,714.55,715
1,537,"1.00, 0.00","0.73, 0.27",-0.06%,714.13,714
1,538,"1.00, 0.00","0.73, 0.27",-0.06%,713.72,714
1,539,"1.00, 0.00","0.73, 0.27",-0.06%,713.30,713
1,540,"1.00, 0.00","0.73, 0.27",-0.06%,712.89,713
1,541,"1.00, 0.00","0.73, 0.27",-0.06%,712.47,712
1,542,"1.00, 0.00","0.73, 0.27",-0.06%,712.05,712
1,543,"1.00, 0.00","0.73, 0.27",-0.06%,711.64,712
1,544,"1.00, 0.00","0.73, 0.27",-0.06%,711.22,711
1,545,"1.00, 0.00","0.73, 0.27",-0.06%,710.80,711
1,546,"1.00, 0.00","0.73, 0.27",-0.06%,710.38,710
1,547,"1.00, 0.00","0.73, 0.27",-0.06%,709.96,710
1,548,"1.00, 0.00","0.73, 0.27",-0.06%,709.54,710
1,549,"1.00, 0.00","0.73, 0.27",-0.06%,709.11,709
1,550,"1.00, 0.00","0.73, 0.27",-0.06%,708.69,709
1,551,"1.00, 0.00","0.73, 0.27",-0.06%,708.27,708
1,552,"1.00, 0.00","0.73, 0.27",-0.06%,707.84,708
1,553,"1.00, 0.00","0.73, 0.27",-0.06%,707.42,707
1,554,"1.00, 0.00","0.73, 0.27",-0.06%,706.99,707
1,555,"1.00, 0.00","0.73, 0.27",-0.06%,706.57,707
1,556,"1.00, 0.00","0.73, 0.27",-0.06%,706.14,706
1,557,"1.00, 0.00","0.73, 0.27",-0.06%,705.71,706
1,558,"1.00, 0.00","0.73, 0.27",-0.06%,705.28,705
1,559,"1.00, 0.00","0.73, 0.27",-0.06%,704.85,705
1,560,"1.00, 0.00","0.73, 0.27",-0.06%,704.42,704
1,561,"1.00, 0.00","0.73, 0.27",-0.06%,703.99,704
1,562,"1.00, 0.00","0.73, 0.27",-0.06%,703.56,704
1,563,"1.00, 0.00","0.73, 0.27",-0.06%,703.13,703
1,564,"1.00, 0.00","0.73, 0.27",-0.06%,702.70,703
1,565,"1.00, 0.00","0.73, 0.27",-0.06%,702.26,702
1,566,"1.00, 0.00","0.73, 0.27",-0.06%,701.83,702
1,567,"1.00, 0.00","0.73, 0.27",-0.06%,701.39,701
1,568,"1.00, 0.00","0.73, 0.27",-0.06%,700.96,701
1,569,"1.00, 0.00","0.73, 0.27",-0.06%,700.52,701
1,570,"1.00, 0.00","0.73, 0.27",-0.06%,700.09,700
1,571,"1.00, 0.00","0.73, 0.27",-0.06%,699.65,700
1,572,"1.00, 0.00","0.73, 0.27",-0.06%,699.21,699
1,573,"1.00, 0.00","0.73, 0.27",-0.06%,698.77,699
1,574,"1.00, 0.00","0.73, 0.27",-0.06%,698.33,698
1,575,"1.00, 0.00","0.73, 0.27",-0.06%,697.89,698
1,576,"1.00, 0.00","0.73, 0.27",-0.06%,697.45,697
1,577,"1.00, 0.00","0.73, 0.27",-0.06%,697.00,697
1,578,"1.00, 0.00","0.73, 0.27",-0.06%,696.56,697
1,579,"1.00, 0.00","0.73, 0.27",-0.06%,696.12,696
1,580,"1.00, 0.00","0.73, 0.27",-0.06%,695.67,696
1,581,"1.00, 0.00","0.73, 0.27",-0.06%,695.23,695
1,582,"1.00, 0.00","0.73, 0.27",-0.06%,694.78,695
1,583,"1.00, 0.00","0.73, 0.27",-0.06%,694.33,694
1,584,"1.00, 0.00","0.73, 0.27",-0.06%,693.89,694
1,585,"1.00, 0.00","0.73, 0.27",-0.06%,693.44,693
1,586,"1.00, 0.00","0.73, 0.27",-0.06%,692.99,693
1,587,"1.00, 0.00","0.73, 0.27",-0.06%,692.54,693
1,588,"1.00, 0.00","0.73, 0.27",-0.07%,692.09,692
1,589,"1.00, 0.00","0.73, 0.27",-0.07%,691.64,692
1,590,"1.00, 0.00","0.73, 0.27",-0.07%,691.18,691
1,591,"1.00, 0.00","0.73, 0.27",-0.07%,690.73,691
1,592,"1.00, 0.00","0.73, 0.27",-0.07%,690.28,690
1,593,"1.00, 0.00","0.73, 0.27",-0.07%,689.82,690
1,594,"1.00, 0.00","0.73, 0.27",-0.07%,689.36,689
1,595,"1.00, 0.00","0.73, 0.27",-0.07%,688.91,689
1,596,"1.00, 0.00","0.73, 0.27",-0.07%,688.45,688
1,597,"1.00, 0.00","0.73, 0.27",-0.07%,687.99,688
1,598,"1.00, 0.00","0.73, 0.27",-0.07%,687.53,688
1,599,"1.00, 0.00","0.73, 0.27",-0.07%,687.07,687
1,600,"1.00, 0.00","0.73, 0.27",-0.07%,686.61,687
1,601,"1.00, 0.00","0.73, 0.27",-0.07%,686.15,686
1,602,"1.00, 0.00","0.73, 0.27",-0.07%,685.69,686
1,603,"1.00, 0.00","0.73, 0.27",-0.07%,685.22,685
1,604,"1.00, 0.00","0.73, 0.27",-0.07%,684.76,685
1,605,"1.00, 0.00","0.73, 0.27",-0.07%,684.30,684
1,606,"1.00, 0.00","0.73, 0.27",-0.07%,683.83,684
1,607,"1.00, 0.00","0.73, 0.27",-0.07%,683.36,683
1,608,"1.00, 0.00","0.73, 0.27",-0.07%,682.89,683
1,609,"1.00, 0.00","0.73, 0.27",-0.07%,682.43,682
1,610,"1.00, 0.00","0.73, 0.27",-0.07%,681.96,682
1,611,"1.00, 0.00","0.73, 0.27",-0.07%,681.49,681
1,612,"1.00, 0.00","0.73, 0.27",-0.07%,681.02,681
1,613,"1.00, 0.00","0.73, 0.27",-0.07%,680.54,681
1,614,"1.00, 0.00","0.73, 0.27",-0.07%,680.07,680
1,615,"1.00, 0.00","0.73, 0.27",-0.07%,679.60,680
1,616,"1.00, 0.00","0.73, 0.27",-0.07%,679.12,679
1,617,"1.00, 0.00","0.73, 0.27",-0.07%,678.65,679
1,618,"1.00, 0.00","0.73, 0.27",-0.07%,678.17,678
1,619,"1.00, 0.00","0.73, 0.27",-0.07%,677.69,678
1,620,"1.00, 0.00","0.73, 0.27",-0.07%,677.21,677
1,621,"1.00, 0.00","0.73, 0.27",-0.07%,676.73,677
1,622,"1.00, 0.00","0.73, 0.27",-0.07%,676.25,676
1,623,"1.00, 0.00","0.73, 0.27",-0.07%,675.77,676
1,624,"1.00, 0.00","0.73, 0.27",-0.07%,675.29,675
1,625,"1.00, 0.00","0.73, 0.27",-0.07%,674.81,675
1,626,"1.00, 0.00","0.73, 0.27",-0.07%,674.32,674
1,627,"1.00, 0.00","0.73, 0.27",-0.07%,673.84,674
1,628,"1.00, 0.00","0.73, 0.27",-0.07%,673.35,673
1,629,"1.00, 0.00","0.73, 0.27",-0.07%,672.87,673
1,630,"1.00, 0.00","0.73, 0.27",-0.07%,672.38,672
1,631,"1.00, 0.00","0.73, 0.27",-0.07%,671.89,672
1,632,"1.00, 0.00","0.73, 0.27",-0.07%,671.40,671
1,633,"1.00, 0.00","0.73, 0.27",-0.07%,670.91,671
1,634,"1.00, 0.00","0.73, 0.27",-0.07%,670.42,670
1,635,"1.00, 0.00","0.73, 0.27",-0.07%,669.93,670
1,636,"1.00, 0.00","0.73, 0.27",-0.07%,669.43,669
1,637,"1.00, 0.00","0.73, 0.27",-0.07%,668.94,669
1,638,"1.00, 0.00","0.73, 0.27",-0.07%,668.44,668
1,639,"1.00, 0.00","0.73, 0.27",-0.07%,667.95,668
1,640,"1.00, 0.00","0.73, 0.27",-0.07%,667.45,667
1,641,"1.00, 0.00","0.73, 0.27",-0.07%,666.95,667
1,642,"1.00, 0.00","0.73, 0.27",-0.07%,666.45,666
1,643,"1.00, 0.00","0.73, 0.27",-0.08%,665.95,666
1,644,"1.00, 0.00","0.73, 0.27",-0.08%,665.45,665
1,645,"1.00, 0.00","0.73, 0.27",-0.08%,664.94,665
1,646,"1.00, 0.00","0.73, 0.27",-0.08%,664.44,664
1,647,"1.00, 0.00","0.73, 0.27",-0.08%,663.94,664
1,648,"1.00, 0.00","0.73, 0.27",-0.08%,663.43,663
1,649,"1.00, 0.00","0.73, 0.27",-0.08%,662.92,663
1,650,"1.00, 0.00","0.73, 0.27",-0.08%,662.42,662
1,651,"1.00, 0.00","0.73, 0.27",-0.08%,661.91,662
1,652,"1.00, 0.00","0.73, 0.27",-0.08%,661.40,661
1,653,"1.00, 0.00","0.73, 0.27",-0.08%,660.88,661
1,654,"1.00, 0.00","0.73, 0.27",-0.08%,660.37,660
1,655,"1.00, 0.00","0.73, 0.27",-0.08%,659.86,660
1,656,"1.00, 0.00","0.73, 0.27",-0.08%,659.34,659
1,657,"1.00, 0.00","0.73, 0.27",-0.08%,658.83,659
1,658,"1.00, 0.00","0.73, 0.27",-0.08%,658.31,658
1,659,"1.00, 0.00","0.73, 0.27",-0.08%,657.80,658
1,660,"1.00, 0.00","0.73, 0.27",-0.08%,657.28,657
1,661,"1.00, 0.00","0.73, 0.27",-0.08%,656.76,657
1,662,"1.00, 0.00","0.73, 0.27",-0.08%,656.24,656
1,663,"1.00, 0.00","0.73, 0.27",-0.08%,655.71,656
1,664,"1.00, 0.00","0.73, 0.27",-0.08%,655.19,655
1,665,"1.00, 0.00","0.73, 0.27",-0.08%,654.67,655
1,666,"1.00, 0.00","0.73, 0.27",-0.08%,654.14,654
1,667,"1.00, 0.00","0.73, 0.27",-0.08%,653.61,654
1,668,"1.00, 0.00","0.73, 0.27",-0.08%,653.09,653
1,669,"1.00, 0.00","0.73, 0.27",-0.08%,652.56,653
1,670,"1.00, 0.00","0.73, 0.27",-0.08%,652.03,652
1,671,"1.00, 0.00","0.73, 0.27",-0.08%,651.49,651
1,672,"1.00, 0.00","0.73, 0.27",-0.08%,650.96,651
1,673,"1.00, 0.00","0.73, 0.27",-0.08%,650.43,650
1,674,"1.00, 0.00","0.73, 0.27",-0.08%,649.89,650
1,675,"1.00, 0.00","0.73, 0.27",-0.08%,649.36,649
1,676,"1.00, 0.00","0.73, 0.27",-0.08%,648.82,649
1,677,"1.00, 0.00","0.73, 0.27",-0.08%,648.28,648
1,678,"1.00, 0.00","0.73, 0.27",-0.08%,647.74,648
1,679,"1.00, 0.00","0.73, 0.27",-0.08%,647.20,647
1,680,"1.00, 0.00","0.73, 0.27",-0.08%,646.66,647
1,681,"1.00, 0.00","0.73, 0.27",-0.08%,646.11,646
1,682,"1.00, 0.00","0.73, 0.27",-0.08%,645.57,646
1,683,"1.00, 0.00","0.73, 0.27",-0.08%,645.02,645
1,684,"1.00, 0.00","0.73, 0.27",-0.08%,644.48,644
1,685,"1.00, 0.00","0.73, 0.27",-0.09%,643.93,644
1,686,"1.00, 0.00","0.73, 0.27",-0.09%,643.38,643
1,687,"1.00, 0.00","0.73, 0.27",-0.09%,642.83,643
1,688,"1.00, 0.00","0.73, 0.27",-0.09%,642.28,642
1,689,"1.00, 0.00","0.73, 0.27",-0.09%,641.72,642
1,690,"1.00, 0.00","0.73, 0.27",-0.09%,641.17,641
1,691,"1.00, 0.00","0.73, 0.27",-0.09%,640.61,641
1,692,"1.00, 0.00","0.73, 0.27",-0.09%,640.05,640
1,693,"1.00, 0.00","0.73, 0.27",-0.09%,639.49,639
1,694,"1.00, 0.00","0.73, 0.27",-0.09%,638.93,639
1,695,"1.00, 0.00","0.73, 0.27",-0.09%,638.37,638
1,696,"1.00, 0.00","0.73, 0.27",-0.09%,637.81,638
1,697,"1.00, 0.00","0.73, 0.27",-0.09%,637.25,637
1,698,"1.00, 0.00","0.73, 0.27",-0.09%,636.68,637
1,699,"1.00, 0.00","0.73, 0.27",-0.09%,636.11,636
1,700,"1.00, 0.00","0.73, 0.27",-0.09%,635.54,636
1,701,"1.00, 0.00","0.73, 0.27",-0.09%,634.97,635
1,702,"1.00, 0.00","0.73, 0.27",-0.09%,634.40,634
1,703,"1.00, 0.00","0.73, 0.27",-0.09%,633.83,634
1,704,"1.00, 0.00","0.73, 0.27",-0.09%,633.26,633
1,705,"1.00, 0.00","0.73, 0.27",-0.09%,632.68,633
1,706,"1.00, 0.00","0.73, 0.27",-0.09%,632.10,632
1,707,"1.00, 0.00","0.73, 0.27",-0.09%,631.53,632
1,708,"1.00, 0.00","0.73, 0.27",-0.09%,630.95,631
1,709,"1.00, 0.00","0.73, 0.27",-0.09%,630.37,630
1,710,"1.00, 0.00","0.73, 0.27",-0.09%,629.78,630
1,711,"1.00, 0.00","0.73, 0.27",-0.09%,629.20,629
1,712,"1.00, 0.00","0.73, 0.27",-0.09%,628.61,629
1,713,"1.00, 0.00","0.73, 0.27",-0.09%,628.03,628
1,714,"1.00, 0.00","0.73, 0.27",-0.09%,627.44,627
1,715,"1.00, 0.00","0.73, 0.27",-0.09%,626.85,627
1,716,"1.00, 0.00","0.73, 0.27",-0.09%,626.26,626
1,717,"1.00, 0.00","0.73, 0.27",-0.09%,625.66,626
1,718,"1.00, 0.00","0.73, 0.27",-0.10%,625.07,625
1,719,"1.00, 0.00","0.73, 0.27",-0.10%,624.47,624
1,720,"1.00, 0.00","0.73, 0.27",-0.10%,623.87,624
1,721,"1.00, 0.00","0.73, 0.27",-0.10%,623.28,623
1,722,"1.00, 0.00","0.73, 0.27",-0.10%,622.67,623
1,723,"1.00, 0.00","0.73, 0.27",-0.10%,622.07,622
1,724,"1.00, 0.00","0.73, 0.27",-0.10%,621.47,621
1,725,"1.00, 0.00","0.73, 0.27",-0.10%,620.86,621
1,726,"1.00, 0.00","0.73, 0.27",-0.10%,620.26,620
1,727,"1.00, 0.00","0.73, 0.27",-0.10%,619.65,620
1,728,"1.00, 0.00","0.73, 0.27",-0.10%,619.04,619
1,729,"1.00, 0.00","0.73, 0.27",-0.10%,618.42,618
1,730,"1.00, 0.00","0.73, 0.27",-0.10%,617.81,618
1,731,"1.00, 0.00","0.73, 0.27",-0.10%,617.20,617
1,732,"1.00, 0.00","0.73, 0.27",-0.10%,616.58,617
1,733,"1.00, 0.00","0.73, 0.27",-0.10%,615.96,616
1,734,"1.00, 0.00","0.73, 0.27",-0.10%,615.34,615
1,735,"1.00, 0.00","0.73, 0.27",-0.10%,614.72,615
1,736,"1.00, 0.00","0.73, 0.27",-0.10%,614.09,614
1,737,"1.00, 0.00","0.73, 0.27",-0.10%,613.47,613
1,738,"1.00, 0.00","0.73, 0.27",-0.10%,612.84,613
1,739,"1.00, 0.00","0.73, 0.27",-0.10%,612.21,612
1,740,"1.00, 0.00","0.73, 0.27",-0.10%,611.58,612
1,741,"1.00, 0.00","0.73, 0.27",-0.10%,610.95,611
1,742,"1.00, 0.00","0.73, 0.27",-0.10%,610.31,610
1,743,"1.00, 0.00","0.73, 0.27",-0.10%,609.68,610
1,744,"1.00, 0.00","0.73, 0.27",-0.10%,609.04,609
1,745,"1.00, 0.00","0.73, 0.27",-0.11%,608.40,608
1,746,"1.00, 0.00","0.73, 0.27",-0.11%,607.76,608
1,747,"1.00, 0.00","0.73, 0.27",-0.11%,607.11,607
1,748,"1.00, 0.00","0.73, 0.27",-0.11%,606.47,606
1,749,"1.00, 0.00","0.73, 0.27",-0.11%,605.82,606
1,750,"1.00, 0.00","0.73, 0.27",-0.11%,605.17,605
1,751,"1.00, 0.00","0.73, 0.27",-0.11%,604.52,605
1,752,"1.00, 0.00","0.73, 0.27",-0.11%,603.87,604
1,753,"1.00, 0.00","0.73, 0.27",-0.11%,603.21,603
1,754,"1.00, 0.00","0.73, 0.27",-0.11%,602.56,603
1,755,"1.00, 0.00","0.73, 0.27",-0.11%,601.90,602
1,756,"1.00, 0.00","0.73, 0.27",-0.11%,601.24,601
1,757,"1.00, 0.00","0.73, 0.27",-0.11%,600.57,601
1,758,"1.00, 0.00","0.73, 0.27",-0.11%,599.91,600
1,759,"1.00, 0.00","0.73, 0.27",-0.11%,599.24,599
1,760,"1.00, 0.00","0.73, 0.27",-0.11%,598.57,599
1,761,"1.00, 0.00","0.73, 0.27",-0.11%,597.90,598
1,762,"1.00, 0.00","0.73, 0.27",-0.11%,597.23,597
1,763,"1.00, 0.00","0.73, 0.27",-0.11%,596.56,597
1,764,"1.00, 0.00","0.73, 0.27",-0.11%,595.88,596
1,765,"1.00, 0.00","0.73, 0.27",-0.11%,595.20,595
1,766,"1.00, 0.00","0.73, 0.27",-0.11%,594.52,595
1,767,"1.00, 0.00","0.73, 0.27",-0.11%,593.84,594
1,768,"1.00, 0.00","0.73, 0.27",-0.12%,593.15,593
1,769,"1.00, 0.00","0.73, 0.27",-0.12%,592.46,592
1,770,"1.00, 0.00","0.73, 0.27",-0.12%,591.77,592
1,771,"1.00, 0.00","0.73, 0.27",-0.12%,591.08,591
1,772,"1.00, 0.00","0.73, 0.27",-0.12%,590.39,590
1,773,"1.00, 0.00","0.73, 0.27",-0.12%,589.69,590
1,774,"1.00, 0.00","0.73, 0.27",-0.12%,588.99,589
1,775,"1.00, 0.00","0.73, 0.27",-0.12%,588.29,588
1,776,"1.00, 0.00","0.73, 0.27",-0.12%,587.59,588
1,777,"1.00, 0.00","0.73, 0.27",-0.12%,586.88,587
1,778,"1.00, 0.00","0.73, 0.27",-0.12%,586.17,586
1,779,"1.00, 0.00","0.73, 0.27",-0.12%,585.46,585
1,780,"1.00, 0.00","0.73, 0.27",-0.12%,584.75,585
1,781,"1.00, 0.00","0.73, 0.27",-0.12%,584.04,584
1,782,"1.00, 0.00","0.73, 0.27",-0.12%,583.32,583
1,783,"1.00, 0.00","0.73, 0.27",-0.12%,582.60,583
1,784,"1.00, 0.00","0.73, 0.27",-0.12%,581.88,582
1,785,"1.00, 0.00","0.73, 0.27",-0.12%,581.15,581
1,786,"1.00, 0.00","0.73, 0.27",-0.13%,580.43,580
1,787,"1.00, 0.00","0.73, 0.27",-0.13%,579.70,580
1,788,"1.00, 0.00","0.73, 0.27",-0.13%,578.97,579
1,789,"1.00, 0.00","0.73, 0.27",-0.13%,578.23,578
1,790,"1.00, 0.00","0.73, 0.27",-0.13%,577.49,577
1,791,"1.00, 0.00","0.73, 0.27",-0.13%,576.75,577
1,792,"1.00, 0.00","0.73, 0.27",-0.13%,576.01,576
1,793,"1.00, 0.00","0.73, 0.27",-0.13%,575.27,575
1,794,"1.00, 0.00","0.73, 0.27",-0.13%,574.52,575
1,795,"1.00, 0.00","0.73, 0.27",-0.13%,573.77,574
1,796,"1.00, 0.00","0.73, 0.27",-0.13%,573.02,573
1,797,"1.00, 0.00","0.73, 0.27",-0.13%,572.26,572
1,798,"1.00, 0.00","0.73, 0.27",-0.13%,571.50,572
1,799,"1.00, 0.00","0.73, 0.27",-0.13%,570.74,571
1,800,"1.00, 0.00","0.73, 0.27",-0.13%,569.98,570
1,801,"1.00, 0.00","0.73, 0.27",-0.13%,569.21,569
1,802,"1.00, 0.00","0.73, 0.27",-0.14%,568.44,568
1,803,"1.00, 0.00","0.73, 0.27",-0.14%,567.67,568
1,804,"1.00, 0.00","0.73, 0.27",-0.14%,566.90,567
1,805,"1.00, 0.00","0.73, 0.27",-0.14%,566.12,566
1,806,"1.00, 0.00","0.73, 0.27",-0.14%,565.34,565
1,807,"1.00, 0.00","0.73, 0.27",-0.14%,564.55,565
1,808,"1.00, 0.00","0.73, 0.27",-0.14%,563.77,564
1,809,"1.00, 0.00","0.73, 0.27",-0.14%,562.98,563
1,810,"1.00, 0.00","0.73, 0.27",-0.14%,562.18,562
1,811,"1.00, 0.00","0.73, 0.27",-0.14%,561.39,561
1,812,"1.00, 0.00","0.73, 0.27",-0.14%,560.59,561
1,813,"1.00, 0.00","0.73, 0.27",-0.14%,559.79,560
1,814,"1.00, 0.00","0.73, 0.27",-0.14%,558.98,559
1,815,"1.00, 0.00","0.73, 0.27",-0.14%,558.17,558
1,816,"1.00, 0.00","0.73, 0.27",-0.15%,557.36,557
1,817,"1.00, 0.00","0.73, 0.27",-0.15%,556.55,557
1,818,"1.00, 0.00","0.73, 0.27",-0.15%,555.73,556
1,819,"1.00, 0.00","0.73, 0.27",-0.15%,554.91,555
1,820,"1.00, 0.00","0.73, 0.27",-0.15%,554.08,554
1,821,"1.00, 0.00","0.73, 0.27",-0.15%,553.26,553
1,822,"1.00, 0.00","0.73, 0.27",-0.15%,552.43,552
1,823,"1.00, 0.00","0.73, 0.27",-0.15%,551.59,552
1,824,"1.00, 0.00","0.73, 0.27",-0.15%,550.75,551
1,825,"1.00, 0.00","0.73, 0.27",-0.15%,549.91,550
1,826,"1.00, 0.00","0.73, 0.27",-0.15%,549.07,549
1,827,"1.00, 0.00","0.73, 0.27",-0.15%,548.22,548
1,828,"1.00, 0.00","0.73, 0.27",-0.16%,547.37,547
1,829,"1.00, 0.00","0.73, 0.27",-0.16%,546.51,547
1,830,"1.00, 0.00","0.73, 0.27",-0.16%,545.65,546
1,831,"1.00, 0.00","0.73, 0.27",-0.16%,544.79,545
1,832,"1.00, 0.00","0.73, 0.27",-0.16%,543.92,544
1,833,"1.00, 0.00","0.73, 0.27",-0.16%,543.05,543
1,834,"1.00, 0.00","0.73, 0.27",-0.16%,542.17,542
1,835,"1.00, 0.00","0.73, 0.27",-0.16%,541.30,541
1,836,"1.00, 0.00","0.73, 0.27",-0.16%,540.41,540
1,837,"1.00, 0.00","0.73, 0.27",-0.16%,539.53,540
1,838,"1.00, 0.00","0.73, 0.27",-0.16%,538.64,539
1,839,"1.00, 0.00","0.73, 0.27",-0.17%,537.74,538
1,840,"1.00, 0.00","0.73, 0.27",-0.17%,536.84,537
1,841,"1.00, 0.00","0.73, 0.27",-0.17%,535.94,536
1,842,"1.00, 0.00","0.73, 0.27",-0.17%,535.04,535
1,843,"1.00, 0.00","0.73, 0.27",-0.17%,534.13,534
1,844,"1.00, 0.00","0.73, 0.27",-0.17%,533.21,533
1,845,"1.00, 0.00","0.73, 0.27",-0.17%,532.29,532
1,846,"1.00, 0.00","0.73, 0.27",-0.17%,531.37,531
1,847,"1.00, 0.00","0.73, 0.27",-0.17%,530.44,530
1,848,"1.00, 0.00","0.73, 0.27",-0.18%,529.51,530
1,849,"1.00, 0.00","0.73, 0.27",-0.18%,528.57,529
1,850,"1.00, 0.00","0.73, 0.27",-0.18%,527.63,528
1,851,"1.00, 0.00","0.73, 0.27",-0.18%,526.68,527
1,852,"1.00, 0.00","0.73, 0.27",-0.18%,525.73,526
1,853,"1.00, 0.00","0.73, 0.27",-0.18%,524.78,525
1,854,"1.00, 0.00","0.73, 0.27",-0.18%,523.82,524
1,855,"1.00, 0.00","0.73, 0.27",-0.18%,522.85,523
1,856,"1.00, 0.00","0.73, 0.27",-0.19%,521.88,522
1,857,"1.00, 0.00","0.73, 0.27",-0.19%,520.91,521
1,858,"1.00, 0.00","0.73, 0.27",-0.19%,519.93,520
1,859,"1.00, 0.00","0.73, 0.27",-0.19%,518.94,519
1,860,"1.00, 0.00","0.73, 0.27",-0.19%,517.95,518
1,861,"1.00, 0.00","0.73, 0.27",-0.19%,516.96,517
1,862,"1.00, 0.00","0.73, 0.27",-0.19%,515.96,516
1,863,"1.00, 0.00","0.73, 0.27",-0.19%,514.95,515
1,864,"1.00, 0.00","0.73, 0.27",-0.20%,513.94,514
1,865,"1.00, 0.00","0.73, 0.27",-0.20%,512.93,513
1,866,"1.00, 0.00","0.73, 0.27",-0.20%,511.90,512
1,867,"1.00, 0.00","0.73, 0.27",-0.20%,510.88,511
1,868,"1.00, 0.00","0.73, 0.27",-0.20%,509.84,510
1,869,"1.00, 0.00","0.73, 0.27",-0.20%,508.80,509
1,870,"1.00, 0.00","0.73, 0.27",-0.21%,507.76,508
1,871,"1.00, 0.00","0.73, 0.27",-0.21%,506.71,507
1,872,"1.00, 0.00","0.73, 0.27",-0.21%,505.65,506
1,873,"1.00, 0.00","0.73, 0.27",-0.21%,504.59,505
1,874,"1.00, 0.00","0.73, 0.27",-0.21%,503.52,504
1,875,"1.00, 0.00","0.73, 0.27",-0.21%,502.45,502
1,876,"1.00, 0.00","0.73, 0.27",-0.22%,501.37,501
1,877,"1.00, 0.00","0.73, 0.27",-0.22%,500.28,500
1,878,"1.00, 0.00","0.73, 0.27",-0.22%,499.18,499
1,879,"1.00, 0.00","0.73, 0.27",-0.22%,498.08,498
1,880,"1.00, 0.00","0.73, 0.27",-0.22%,496.98,497
1,881,"1.00, 0.00","0.73, 0.27",-0.22%,495.86,496
1,882,"1.00, 0.00","0.73, 0.27",-0.23%,494.74,495
1,883,"1.00, 0.00","0.73, 0.27",-0.23%,493.62,494
1,884,"1.00, 0.00","0.73, 0.27",-0.23%,492.48,492
1,885,"1.00, 0.00","0.73, 0.27",-0.23%,491.34,491
1,886,"1.00, 0.00","0.73, 0.27",-0.23%,490.19,490
1,887,"1.00, 0.00","0.73, 0.27",-0.24%,489.03,489
1,888,"1.00, 0.00","0.73, 0.27",-0.24%,487.87,488
1,889,"1.00, 0.00","0.73, 0.27",-0.24%,486.70,487
1,890,"1.00, 0.00","0.73, 0.27",-0.24%,485.52,486
1,891,"1.00, 0.00","0.73, 0.27",-0.24%,484.33,484
1,892,"1.00, 0.00","0.73, 0.27",-0.25%,483.14,483
1,893,"1.00, 0.00","0.73, 0.27",-0.25%,481.93,482
1,894,"1.00, 0.00","0.73, 0.27",-0.25%,480.72,481
1,895,"1.00, 0.00","0.73, 0.27",-0.25%,479.50,480
1,896,"1.00, 0.00","0.73, 0.27",-0.26%,478.27,478
1,897,"1.00, 0.00","0.73, 0.27",-0.26%,477.04,477
1,898,"1.00, 0.00","0.73, 0.27",-0.26%,475.79,476
1,899,"1.00, 0.00","0.73, 0.27",-0.26%,474.54,475
1,900,"1.00, 0.00","0.73, 0.27",-0.27%,473.27,473
1,901,"1.00, 0.00","0.73, 0.27",-0.27%,472.00,472
1,902,"1.00, 0.00","0.73, 0.27",-0.27%,470.72,471
1,903,"1.00, 0.00","0.73, 0.27",-0.27%,469.43,469
1,904,"1.00, 0.00","0.73, 0.27",-0.28%,468.13,468
1,905,"1.00, 0.00","0.73, 0.27",-0.28%,466.81,467
1,906,"1.00, 0.00","0.73, 0.27",-0.28%,465.49,465
1,907,"1.00, 0.00","0.73, 0.27",-0.29%,464.16,464
1,908,"1.00, 0.00","0.73, 0.27",-0.29%,462.82,463
1,909,"1.00, 0.00","0.73, 0.27",-0.29%,461.47,461
1,910,"1.00, 0.00","0.73, 0.27",-0.30%,460.10,460
1,911,"1.00, 0.00","0.73, 0.27",-0.30%,458.73,459
1,912,"1.00, 0.00","0.73, 0.27",-0.30%,457.34,457
1,913,"1.00, 0.00","0.73, 0.27",-0.31%,455.94,456
1,914,"1.00, 0.00","0.73, 0.27",-0.31%,454.53,455
1,915,"1.00, 0.00","0.73, 0.27",-0.31%,453.11,453
1,916,"1.00, 0.00","0.73, 0.27",-0.32%,451.68,452
1,917,"1.00, 0.00","0.73, 0.27",-0.32%,450.23,450
1,918,"1.00, 0.00","0.73, 0.27",-0.32%,448.77,449
1,919,"1.00, 0.00","0.73, 0.27",-0.33%,447.30,447
1,920,"1.00, 0.00","0.73, 0.27",-0.33%,445.82,446
1,921,"1.00, 0.00","0.73, 0.27",-0.34%,444.32,444
1,922,"1.00, 0.00","0.73, 0.27",-0.34%,442.80,443
1,923,"1.00, 0.00","0.73, 0.27",-0.34%,441.28,441
1,924,"1.00, 0.00","0.73, 0.27",-0.35%,439.74,440
1,925,"1.00, 0.00","0.73, 0.27",-0.35%,438.18,438
1,926,"1.00, 0.00","0.73, 0.27",-0.36%,436.61,437
1,927,"1.00, 0.00","0.73, 0.27",-0.36%,435.02,435
1,928,"1.00, 0.00","0.73, 0.27",-0.37%,433.42,433
1,929,"1.00, 0.00","0.73, 0.27",-0.37%,431.80,432
1,930,"1.00, 0.00","0.73, 0.27",-0.38%,430.17,430
1,931,"1.00, 0.00","0.73, 0.27",-0.38%,428.51,429
1,932,"1.00, 0.00","0.73, 0.27",-0.39%,426.84,427
1,933,"1.00, 0.00","0.73, 0.27",-0.40%,425.15,425
1,934,"1.00, 0.00","0.73, 0.27",-0.40%,423.45,423
1,935,"1.00, 0.00","0.73, 0.27",-0.41%,421.72,422
1,936,"1.00, 0.00","0.73, 0.27",-0.41%,419.98,420
1,937,"1.00, 0.00","0.73, 0.27",-0.42%,418.21,418
1,938,"1.00, 0.00","0.73, 0.27",-0.43%,416.43,416
1,939,"1.00, 0.00","0.73, 0.27",-0.43%,414.62,415
1,940,"1.00, 0.00","0.73, 0.27",-0.44%,412.79,413
1,941,"1.00, 0.00","0.73, 0.27",-0.45%,410.94,411
1,942,"1.00, 0.00","0.73, 0.27",-0.46%,409.07,409
1,943,"1.00, 0.00","0.73, 0.27",-0.46%,407.17,407
1,944,"1.00, 0.00","0.73, 0.27",-0.47%,405.25,405
1,945,"1.00, 0.00","0.73, 0.27",-0.48%,403.31,403
1,946,"1.00, 0.00","0.73, 0.27",-0.49%,401.33,401
1,947,"1.00, 0.00","0.73, 0.27",-0.50%,399.33,399
1,948,"1.00, 0.00","0.73, 0.27",-0.51%,397.31,397
1,949,"1.00, 0.00","0.73, 0.27",-0.52%,395.25,395
1,950,"1.00, 0.00","0.73, 0.27",-0.53%,393.17,393
1,951,"1.00, 0.00","0.73, 0.27",-0.54%,391.05,391
1,952,"1.00, 0.00","0.73, 0.27",-0.55%,388.91,389
1,953,"1.00, 0.00","0.73, 0.27",-0.56%,386.73,387
1,954,"1.00, 0.00","0.73, 0.27",-0.57%,384.52,385
1,955,"1.00, 0.00","0.73, 0.27",-0.58%,382.27,382
1,956,"1.00, 0.00","0.73, 0.27",-0.60%,379.98,380
1,957,"1.00, 0.00","0.73, 0.27",-0.61%,377.66,378
1,958,"1.00, 0.00","0.73, 0.27",-0.63%,375.30,375
1,959,"1.00, 0.00","0.73, 0.27",-0.64%,372.90,373
1,960,"1.00, 0.00","0.73, 0.27",-0.66%,370.45,370
1,961,"1.00, 0.00","0.73, 0.27",-0.67%,367.96,368
1,962,"1.00, 0.00","0.73, 0.27",-0.69%,365.42,365
1,963,"1.00, 0.00","0.73, 0.27",-0.71%,362.83,363
1,964,"1.00, 0.00","0.73, 0.27",-0.73%,360.20,360
1,965,"1.00, 0.00","0.73, 0.27",-0.75%,357.51,358
1,966,"1.00, 0.00","0.73, 0.27",-0.77%,354.76,355
1,967,"1.00, 0.00","0.73, 0.27",-0.79%,351.95,352
1,968,"1.00, 0.00","0.73, 0.27",-0.81%,349.08,349
1,969,"1.00, 0.00","0.73, 0.27",-0.84%,346.15,346
1,970,"1.00, 0.00","0.73, 0.27",-0.87%,343.15,343
1,971,"1.00, 0.00","0.73, 0.27",-0.90%,340.07,340
1,972,"1.00, 0.00","0.73, 0.27",-0.93%,336.92,337
1,973,"1.00, 0.00","0.73, 0.27",-0.96%,333.68,334
1,974,"1.00, 0.00","0.73, 0.27",-1.00%,330.36,330
1,975,"1.00, 0.00","0.73, 0.27",-1.03%,326.94,327
1,976,"1.00, 0.00","0.73, 0.27",-1.08%,323.42,323
1,977,"1.00, 0.00","0.73, 0.27",-1.12%,319.80,320
1,978,"1.00, 0.00","0.73, 0.27",-1.17%,316.06,316
1,979,"1.00, 0.00","0.73, 0.27",-1.22%,312.20,312
1,980,"1.00, 0.00","0.73, 0.27",-1.28%,308.20,308
1,981,"1.00, 0.00","0.73, 0.27",-1.34%,304.05,304
1,982,"1.00, 0.00","0.73, 0.27",-1.42%,299.75,300
1,983,"1.00, 0.00","0.73, 0.27",-1.49%,295.27,295
1,984,"1.00, 0.00","0.73, 0.27",-1.58%,290.60,291
1,985,"1.00, 0.00","0.73, 0.27",-1.68%,285.72,286
1,986,"1.00, 0.00","0.73, 0.27",-1.79%,280.59,281
1,987,"1.00, 0.00","0.73, 0.27",-1.92%,275.20,275
1,988,"1.00, 0.00","0.73, 0.27",-2.07%,269.51,270
1,989,"1.00, 0.00","0.73, 0.27",-2.24%,263.47,263
1,990,"1.00, 0.00","0.73, 0.27",-2.44%,257.03,257
1,991,"1.00, 0.00","0.73, 0.27",-2.69%,250.11,250
1,992,"1.00, 0.00","0.73, 0.27",-2.99%,242.64,243
1,993,"1.00, 0.00","0.73, 0.27",-3.36%,234.48,234
1,994,"1.00, 0.00","0.73, 0.27",-3.84%,225.47,225
1,995,"1.00, 0.00","0.73, 0.27",-4.48%,215.37,215
1,996,"1.00, 0.00","0.73, 0.27",-5.38%,203.78,204
1,997,"1.00, 0.00","0.73, 0.27",-6.72%,190.08,190
1,998,"1.00, 0.00","0.73, 0.27",-8.96%,173.04,173
1,999,"1.00, 0.00","0.73, 0.27",-13.45%,149.77,150
