Title,Authors,Abstract,Published Year,Published Month,Journal,Volume,Issue,Pages,Accession Number,DOI,Ref,Covidence #,Study,Notes,Tags
Application of deep reinforcement learning in asset liability management,"Wekwete, T.A.; Kufakunesu, R.; van Zyl, G.",,2023,,Intelligent Systems with Applications,20,,,,10.1016/j.iswa.2023.200286,,#8,Wekwete 2023,Exclusion reason: Does not address research questions; ,""
Short-Term Electricity Futures Investment Strategies for Power Producers Based on Multi-Agent Deep Reinforcement Learning,"Wang, Y.; Shi, E.; Xu, Y.; Hu, J.; Feng, C.",,2024,,Energies,17,21,,,10.3390/en17215350,,#28,Wang 2024,Exclusion reason: Does not address research questions; ,Financial Application
A NOVEL STOCK PORTFOLIO MODEL BASED ON DEEP REINFORCEMENT LEARNING,"Li, H.; Hai, M.; Zhang, Y.; Li, P.",,2021,,Journal of Nonlinear and Convex Analysis,22,9,1791-1804,,,,#32,Li 2021,Exclusion reason: Full-text not available; ,""
Optimal Coordination for Multiple Network-Constrained VPPs via Multi-Agent Deep Reinforcement Learning,"Liu, X.; Li, S.; Zhu, J.",,2023,,IEEE Transactions on Smart Grid,14,4,3016-3031,,10.1109/TSG.2022.3225814,,#49,Liu 2023,Exclusion reason: Does not address research questions; ,""
Deep Reinforcement Learning for Portfolio Management,"Ma, Y.; Liu, Z.; McAllister, C.D.",,2023,,International Journal of Computers and their Applications,30,2,93-106,,,,#51,Ma 2023,Exclusion reason: Full-text not available; ,""
Reinforcement Learning Techniques for Stock Trading: A Survey of Current Research,"Borkar, S.; Jadhav, A.",,2024,,Journal of Financial Data Science,6,3,38-56,,10.3905/jfds.2024.1.161,,#60,Borkar 2024,Exclusion reason: Full-text not available; ,Review
Deep Q-Learning for Trading Cryptocurrency,"Ma, Y.C.; Wang, Z.; Fleiss, A.",,2021,,Journal of Financial Data Science,3,3,121-127,,10.3905/jfds.2021.1.064,,#62,Ma 2021,Exclusion reason: Full-text not available; ,Financial Application
Portfolio Optimization in Dynamic Markets: Reinforcement Learning for Investment,"Sarkar, P.; Dwibedi, P.; Deore, S.S.; Gawali, T.; Kulkarni, M.D.; Saha, A.",,2024,,International Journal of Intelligent Systems and Applications in Engineering,12,13s,386-395,,,,#63,Sarkar 2024,Exclusion reason: Full-text not available; ,""
Deep Reinforcement Learning for Option Replication and Hedging,"Du, J.; Jin, M.; Kolm, P.N.; Rritter, G.; Wang, Y.; Zhang, B.",,2020,,Journal of Financial Data Science,2,4,44-57,,10.3905/jfds.2020.1.045,,#65,Du 2020,Exclusion reason: Full-text not available; ,Financial Application
ISLAMIC STOCK PORTFOLIO OPTIMIZATION USING DEEP REINFORCEMENT LEARNING,"Faturohman, T.; Nugraha, T.",,2022,,Journal of Islamic Monetary Economics and Finance,8,2,181-200,,10.21098/jimf.v8i2.1430,,#76,Faturohman 2022,Exclusion reason: Full-text not available; ,Financial Application
Deep Reinforcement Learning in Cryptocurrency Trading: A Profitable Approach,"Tay, X.H.; Lim, S.M.",,2024,,Journal of Telecommunications and the Digital Economy,12,3,126-147,,10.18080/jtde.v12n3.985,,#78,Tay 2024,Exclusion reason: Full-text not available; ,Financial Application
Deep Reinforcement Learning-Based Trading Strategy for Load Aggregators on Price-Responsive Demand,"Yang, G.; Du, S.; Duan, Q.; Su, J.",,2022,,Computational Intelligence and Neuroscience,2022,,,,10.1155/2022/6884956,,#79,Yang 2022,Exclusion reason: Does not address research questions; ,""
Flexible recommendation for optimizing the debt collection process based on customer risk using deep reinforcement learning,"Sivamayilvelan, K.; Rajasekar, E.; Vairavasundaram, S.; Balachandran, S.; Suresh, V.",,2024,,Expert Systems with Applications,256,,,,10.1016/j.eswa.2024.124951,,#97,Sivamayilvelan 2024,Exclusion reason: Does not address research questions; ,""
Optimization of Peer-to-Peer Energy Trading with a Model-Based Deep Reinforcement Learning in a Non-Sharing Information Scenario,"Uthayansuthi, N.; Vateekul, P.",,2024,,IEEE Access,12,,111021-111034,,10.1109/ACCESS.2024.3442445,,#109,Uthayansuthi 2024,Exclusion reason: Does not address research questions; ,""
Applying Artificial Intelligence in Cryptocurrency Markets: A Survey,"Amirzadeh, R.; Nazari, A.; Thiruvady, D.",,2022,,Algorithms,15,11,,,10.3390/a15110428,,#110,Amirzadeh 2022,Exclusion reason: Does not address research questions; ,""
Blockchain-Enabled Resource Trading and Deep Reinforcement Learning-Based Autonomous RAN Slicing in 5G,"Boateng, G.O.; Ayepah-Mensah, D.; Doe, D.M.; Mohammed, A.; Sun, G.; Liu, G.",,2022,,IEEE Transactions on Network and Service Management,19,1,216-227,,10.1109/TNSM.2021.3124046,,#111,Boateng 2022,Exclusion reason: Does not address research questions; ,""
Trend following deep Q-Learning strategy for stock trading,"Chakole, J.; Kurhekar, M.",,2020,,Expert Systems,37,4,,,10.1111/exsy.12514,,#116,Chakole 2020,Exclusion reason: Full-text not available; ,Financial Application
Deep reinforcement learning based on balanced stratified prioritized experience replay for customer credit scoring in peer-to-peer lending,"Wang, Y.; Jia, Y.; Fan, S.; Xiao, J.",,2024,,Artificial Intelligence Review,57,4,,,10.1007/s10462-023-10697-9,,#117,Wang 2024,Exclusion reason: Does not address research questions; ,""
Portfolio Management Framework for Autonomous Stock Selection and Allocation,"Kim, J.-S.; Kim, S.-H.; Lee, K.-H.",,2022,,IEEE Access,10,,133815-133827,,10.1109/ACCESS.2022.3231889,,#174,Kim 2022,Exclusion reason: Does not address research questions; ,""
Optimizing credit limit adjustments under adversarial goals using reinforcement learning,"Alfonso-Sánchez, S.; Solano, J.; Correa-Bahnsen, A.; Sendova, K.P.; Bravo, C.",,2024,,European Journal of Operational Research,315,2,802-817,,10.1016/j.ejor.2023.12.025,,#177,Alfonso-Sánchez 2024,Exclusion reason: Does not address research questions; ,""
A2GAN: A Deep Reinforcement-Based Learning Algorithm for Risk-Aware in Finance,"Le, T.P.; Rho, C.; Min, Y.; Lee, S.; Choi, D.",,2021,,IEEE Access,9,,137165-137175,,10.1109/ACCESS.2021.3117593,,#181,Le 2021,Exclusion reason: Does not address research questions; ,""
Stock Market Prediction Based on Big Data Using Deep Reinforcement Long Short-Term Memory Model,"Ishwarappa, K.; Anuradha, J.",,2022,,International Journal of e-Collaboration,18,2,,,10.4018/IJeC.304445,,#184,Ishwarappa 2022,Exclusion reason: Insufficient Quality; ,""
Deep adaptive group-based input normalization for financial trading,"Nalmpantis, A.; Passalis, N.; Tsantekidis, A.; Tefas, A.",,2021,,Pattern Recognition Letters,152,,413-419,,10.1016/j.patrec.2021.11.004,,#185,Nalmpantis 2021,Exclusion reason: Does not address research questions; ,""
Deep hedging of long-term financial derivatives,"Carbonneau, A.",,2021,,Insurance: Mathematics and Economics,99,,327-340,,10.1016/j.insmatheco.2021.03.017,,#186,Carbonneau 2021,Exclusion reason: Does not address research questions; ,Financial Application
A new hybrid method of recurrent reinforcement learning and BiLSTM for algorithmic trading,"Huang, Y.; Song, Y.",,2023,,Journal of Intelligent and Fuzzy Systems,45,2,1939-1951,,10.3233/JIFS-223101,,#188,Huang 2023,Exclusion reason: Does not address research questions; ,Financial Application; New Model
An Automated Deep Reinforcement Learning Pipeline for Dynamic Pricing,"Afshar, R.R.; Rhuggenaath, J.; Zhang, Y.; Kaymak, U.",,2023,,IEEE Transactions on Artificial Intelligence,4,3,428-437,,10.1109/TAI.2022.3186292,,#190,Afshar 2023,Exclusion reason: Does not address research questions; ,""
A Reinforcement Learning approach for the continuous electricity market of Germany: Trading from the perspective of a wind park operator,"Lehna, M.; Hoppmann, B.; Scholz, C.; Heinrich, R.",,2022,,Energy and AI,8,,,,10.1016/j.egyai.2022.100139,,#205,Lehna 2022,Exclusion reason: Does not address research questions; ,""
A deep reinforcement learning framework for continuous intraday market bidding,"Boukas, I.; Ernst, D.; Théate, T.; Bolland, A.; Huynen, A.; Buchwald, M.; Wynants, C.; Cornélusse, B.",,2021,,Machine Learning,110,9,2335-2387,,10.1007/s10994-021-06020-8,,#211,Boukas 2021,Exclusion reason: Does not address research questions; ,""
DEVELOPING A RISK MANAGEMENT APPROACH BASED ON REINFORCEMENT TRAINING IN THE FORMATION OF AN INVESTMENT PORTFOLIO,"Martovytskyi, V.; Argunov, V.; Ruban, I.; Romanenkov, Y.",,2023,,Eastern-European Journal of Enterprise Technologies,2,3-122,106-116,,10.15587/1729-4061.2023.277997,,#224,Martovytskyi 2023,Exclusion reason: Does not address research questions; ,Financial Application
Scalable reinforcement learning-based neural architecture search,"Cassimon, A.; Mercelis, S.; Mets, K.",,2024,,Neural Computing and Applications,,,,,10.1007/s00521-024-10445-2,,#231,Cassimon 2024,Exclusion reason: Does not address research questions; ,""
Risk Budgeting Portfolio Optimization with Deep Reinforcement Learning,"Han, S.",,2023,,Journal of Financial Data Science,5,4,86-99,,10.3905/jfds.2023.1.137,,#232,Han 2023,Exclusion reason: Full-text not available; ,Financial Application
Enhancing Stock Trading Strategies: Integrating Discrete Wavelet Transformation with Deep Q-Network,"Wang, Q.; Zhang, L.; Zeng, Y.; Wu, S.; Yu, C.; Sun, S.",,2024,,"Journal of Circuits, Systems and Computers",33,15,,,10.1142/S0218126624502761,,#241,Wang 2024,Exclusion reason: Full-text not available; ,Financial Application; New Model
Profit-based deep architecture with integration of reinforced data selector to enhance trend-following strategy,"Li, Y.; Zheng, Z.; Dai, H.-N.; Wong, R.C.-W.; Xie, H.",,2023,,World Wide Web,26,4,1685-1705,,10.1007/s11280-022-01112-4,,#244,Li 2023,Exclusion reason: Does not address research questions; ,""
Free Market of Multi-Leader Multi-Follower Mobile Crowdsensing: An Incentive Mechanism Design by Deep Reinforcement Learning,"Zhan, Y.; Liu, C.H.; Zhao, Y.; Zhang, J.; Tang, J.",,2020,,IEEE Transactions on Mobile Computing,19,10,2316-2329,,10.1109/TMC.2019.2927314,,#251,Zhan 2020,Exclusion reason: Does not address research questions; ,""
A Learning-Based Incentive Mechanism for Federated Learning,"Zhan, Y.; Li, P.; Qu, Z.; Zeng, D.; Guo, S.",,2020,,IEEE Internet of Things Journal,7,7,6360-6368,,10.1109/JIOT.2020.2967772,,#254,Zhan 2020,Exclusion reason: Does not address research questions; ,""
An enhanced Wasserstein generative adversarial network with Gramian Angular Fields for efficient stock market prediction during market crash periods,"Ghasemieh, A.; Kashef, R.",,2023,,Applied Intelligence,53,23,28479-28500,,10.1007/s10489-023-05016-2,,#257,Ghasemieh 2023,Exclusion reason: Does not address research questions; ,Financial Application; New Model
Can artificial intelligence (AI) manage behavioural biases among financial planners?,"Hasan, Z.; Vaz, D.; Athota, V.S.; Désiré, S.S.M.; Pereira, V.",,2023,,Journal of Global Information Management,31,2,,,10.4018/JGIM.321728,,#258,Hasan 2023,Exclusion reason: Does not address research questions; ,Financial Application
A Search-Based Testing Approach for Deep Reinforcement Learning Agents,"Zolfagharian, A.; Abdellatif, M.; Briand, L.C.; Bagherzadeh, M.; Ramesh, S.",,2023,,IEEE Transactions on Software Engineering,49,7,3715-3735,,10.1109/TSE.2023.3269804,,#262,Zolfagharian 2023,Exclusion reason: Does not address research questions; ,Benchmarking
Importance of Machine Learning in Making Investment Decision in Stock Market,"Prasad, A.; Seetharaman, A.",,2021,,Vikalpa,46,4,209-222,,10.1177/02560909211059992,,#271,Prasad 2021,Exclusion reason: Does not address research questions; ,Review
QLBS: Q-learnerinthe black-scholes(-merton)worlds,"Halperin, I.",,2020,,Journal of Derivatives,28,1,99-122,,10.3905/jod.2020.1.108,,#276,Halperin 2020,Exclusion reason: Full-text not available; ,Financial Application
A Scalable Privacy-Preserving Multi-Agent Deep Reinforcement Learning Approach for Large-Scale Peer-to-Peer Transactive Energy Trading,"Ye, Y.; Tang, Y.; Wang, H.; Zhang, X.-P.; Strbac, G.",,2021,,IEEE Transactions on Smart Grid,12,6,5185-5200,,10.1109/TSG.2021.3103917,,#280,Ye 2021,Exclusion reason: Does not address research questions; ,""
A Novel Linear-Model-Based Methodology for Predicting the Directional Movement of the Euro-Dollar Exchange Rate,"Argotty-Erazo, M.; Blázquez-Zaballos, A.; Argoty-Eraso, C.A.; Lorente-Leyva, L.L.; Sánchez-Pozo, N.N.; Peluffo-Ordóñez, D.H.",,2023,,IEEE Access,11,,67249-67284,,10.1109/ACCESS.2023.3285082,,#285,Argotty-Erazo 2023,Exclusion reason: Does not address research questions; ,""
Forecasting Stochastic Time Series using Reinforcement Learning,"Boyko, N.; Kachmaryk, V.",,2024,,International Journal of Artificial Intelligence,22,2,1-28,,,,#290,Boyko 2024,Exclusion reason: Full-text not available; ,""
Deep Reinforcement Learning for Trading,"Zhang, Z.; Zohren, S.; Roberts, S.",,2020,,Journal of Financial Data Science,2,2,25-40,,10.3905/jfds.2020.1.030,,#299,Zhang 2020,Exclusion reason: Full-text not available; ,Financial Application
Self-learning Agents for Recommerce Markets,"Groeneveld, J.; Herrmann, J.; Mollenhauer, N.; Dreeßen, L.; Bessin, N.; Tast, J.S.; Kastius, A.; Huegle, J.; Schlosser, R.",,2024,,Business and Information Systems Engineering,66,4,441-463,,10.1007/s12599-023-00841-8,,#305,Groeneveld 2024,Exclusion reason: Does not address research questions; ,""
Automated financial time series anomaly detection via curiosity-guided exploration and self-imitation learning,"Cao, F.; Guo, X.",,2024,,Engineering Applications of Artificial Intelligence,135,,,,10.1016/j.engappai.2024.108663,,#310,Cao 2024,Exclusion reason: Does not address research questions; ,""
A new reinforcement learning approach for improving energy trading management for smart microgrids in the internet of things,"Lu, Q.; Li, H.; Zheng, J.; Qin, J.; Yang, Y.; Li, L.; Jiang, K.",,2023,,International Journal of Embedded Systems,16,1,47-56,,10.1504/IJES.2023.134121,,#321,Lu 2023,Exclusion reason: Does not address research questions; ,""
Application of Two-Dimensional Fibonacci Wavelets in Fractional Partial Differential Equations Arising in the Financial Market,"Sabermahani, S.; Ordokhani, Y.; Rahimkhani, P.",,2022,,International Journal of Applied and Computational Mathematics,8,3,,,10.1007/s40819-022-01329-x,,#330,Sabermahani 2022,Exclusion reason: Does not address research questions; ,""
Financial Abnormal Data Detection System Based on Reinforcement Learning,"Hou, X.",,2022,,Mobile Information Systems,2022,,,,10.1155/2022/7358383,,#336,Hou 2022,Exclusion reason: Does not address research questions; ,""
A Forecasting Approach to Cryptocurrency Price Index Using Reinforcement Learning,"Mariappan, L.T.; Pandian, J.A.; Kumar, V.D.; Geman, O.; Chiuchisan, I.; Năstase, C.",,2023,,Applied Sciences (Switzerland),13,4,,,10.3390/app13042692,,#337,Mariappan 2023,Exclusion reason: Insufficient Quality; ,Financial Application
Deep Equal Risk Pricing of Financial Derivatives with Non-Translation Invariant Risk Measures †,"Carbonneau, A.; Godin, F.",,2023,,Risks,11,8,,,10.3390/risks11080140,,#342,Carbonneau 2023,Exclusion reason: Does not address research questions; ,""
Latent Segmentation of Stock Trading Strategies Using Multi-Modal Imitation Learning,"Maeda, I.; deGraw, D.; Kitano, M.; Matsushima, H.; Izumi, K.; Sakaji, H.; Kato, A.",,2020,,Journal of Risk and Financial Management,13,11,,,10.3390/jrfm13110250,,#350,Maeda 2020,Exclusion reason: Does not address research questions; ,""
Equal risk pricing of derivatives with deep hedging,"Carbonneau, A.; Godin, F.",,2021,,Quantitative Finance,21,4,593-608,,10.1080/14697688.2020.1806343,,#357,Carbonneau 2021,Exclusion reason: Does not address research questions; ,""
I2RL: online inverse reinforcement learning under occlusion,"Arora, S.; Doshi, P.; Banerjee, B.",,2021,,Autonomous Agents and Multi-Agent Systems,35,1,,,10.1007/s10458-020-09485-4,,#366,Arora 2021,Exclusion reason: Does not address research questions; ,""
On parametric optimal execution and machine learning surrogates,"Chen, T.; Ludkovski, M.; Voß, M.",,2023,,Quantitative Finance,24,1,15-34,,10.1080/14697688.2023.2282657,,#371,Chen 2023,Exclusion reason: Does not address research questions; ,Financial Application
A generic methodology for the statistically uniform & comparable evaluation of Automated Trading Platform components,"Sokolovsky, A.; Arnaboldi, L.",,2023,,Expert Systems with Applications,223,,,,10.1016/j.eswa.2023.119836,,#372,Sokolovsky 2023,Exclusion reason: Does not address research questions; ,Benchmarking
Curriculum Goal-Conditioned Imitation for Offline Reinforcement Learning,"Feng, X.; Jiang, L.; Yu, X.; Xu, H.; Sun, X.; Wang, J.; Zhan, X.; Chan, W.K.",,2022,,IEEE Transactions on Games,16,1,102-112,,10.1109/TG.2022.3224088,,#374,Feng 2022,Exclusion reason: Does not address research questions; ,New Model; Pre-training / Transfer Learning
Optimal Execution of a Basket of Stocks under Regime-Switching Model Using Reinforcement Learning,"Pemy, M.; Zhang, N.",,2024,,Journal of Financial Data Science,6,4,72-85,,10.3905/jfds.2024.1.167,,#379,Pemy 2024,Exclusion reason: Full-text not available; ,Financial Application
Enhancing profit from stock transactions using neural networks,"Roy Choudhury, A.; Abrishami, S.; Turek, M.; Kumar, P.",,2020,,AI Communications,33,2,75-92,,10.3233/AIC-200629,,#389,RoyChoudhury 2020,Exclusion reason: Does not address research questions; ,Financial Application
On testing machine learning programs,"Braiek, H.B.; Khomh, F.",,2020,,Journal of Systems and Software,164,,,,10.1016/j.jss.2020.110542,,#412,Braiek 2020,Exclusion reason: Does not address research questions; ,Review
Machine Learning in Asset Management—Part 2: Portfolio Construction— Weight Optimization,"Snow, D.",,2020,,Journal of Financial Data Science,2,2,17-24,,10.3905/jfds.2020.1.029,,#414,Snow 2020,Exclusion reason: Full-text not available; ,Financial Application
Optimal attention allocation: picking alpha or betting on beta?,"Gu, Z.; Shi, Y.; Yan, T.; Zhou, Y.",,2024,,Quantitative Finance,,,,,10.1080/14697688.2024.2423702,,#417,Gu 2024,Exclusion reason: Does not address research questions; ,Financial Application
Real-time Pricing-based Resource Allocation in Open Market Environments,"Mishra, P.; Moustafa, A.; Ito, T.",,2023,,ACM Transactions on Internet Technology,23,1,,,10.1145/3465237,,#423,Mishra 2023,Exclusion reason: Does not address research questions; ,""
Deep treasury management for banks,"Englisch, H.; Krabichler, T.; Müller, K.J.; Schwarz, M.",,2023,,Frontiers in Artificial Intelligence,6,,,,10.3389/frai.2023.1120297,,#444,Englisch 2023,Exclusion reason: Does not address research questions; ,""
Wealth Flow Model: Online Portfolio Selection Based on Learning Wealth Flow Matrices,"Yin, J.; Wang, R.; Guo, Y.; Bai, Y.; Ju, S.; Liu, W.; Huang, J.Z.",,2022,,ACM Transactions on Knowledge Discovery from Data,16,2,,,10.1145/3464308,,#446,Yin 2022,Exclusion reason: Full-text not available; ,Financial Application
Dynamic pricing of differentiated products with incomplete information based on reinforcement learning,"Wang, C.; Cui, S.; Wu, R.; Wang, Z.",,2022,,IET Collaborative Intelligent Manufacturing,4,2,123-138,,10.1049/cim2.12050,,#455,Wang 2022,Exclusion reason: Does not address research questions; ,""
Interactive preference analysis: A reinforcement learning framework,"Hu, X.; Kang, S.; Ren, L.; Zhu, S.",,2024,,European Journal of Operational Research,319,3,983-998,,10.1016/j.ejor.2024.06.033,,#464,Hu 2024,Exclusion reason: Does not address research questions; ,Financial Application
Robo-Advising: Learning Investors' Risk Preferences via Portfolio Choices,"Alsabah, H.; Capponi, A.; Ruiz Lacedelli, O.; Stern, M.",,2021,,Journal of Financial Econometrics,19,2,369-392,,10.1093/jjfinec/nbz040,,#468,Alsabah 2021,Exclusion reason: Full-text not available; ,Financial Application
Synergistic Integration Between Machine Learning and Agent-Based Modeling: A Multidisciplinary Review,"Zhang, W.; Valencia, A.; Chang, N.-B.",,2023,,IEEE Transactions on Neural Networks and Learning Systems,34,5,2170-2190,,10.1109/TNNLS.2021.3106777,,#470,Zhang 2023,Exclusion reason: Does not address research questions; ,Review
Comparative Analysis of Predictive Algorithms for Performance Measurement,"Gupta, S.; Kishan, B.; Gulia, P.",,2024,,IEEE Access,12,,33949-33958,,10.1109/ACCESS.2024.3372082,,#474,Gupta 2024,Exclusion reason: Does not address research questions; ,""
A Robust Real Time Bidding Strategy Against Inaccurate CTR Predictions by Using Cluster Expected Win Rate,"Shih, W.-Y.; Lai, H.-C.; Huang, J.-L.",,2023,,IEEE Access,11,,126917-126926,,10.1109/ACCESS.2023.3332029,,#484,Shih 2023,Exclusion reason: Does not address research questions; ,Financial Application
A brief review of portfolio optimization techniques,"Gunjan, A.; Bhattacharyya, S.",,2023,,Artificial Intelligence Review,56,5,3847-3886,,10.1007/s10462-022-10273-7,,#498,Gunjan 2023,Exclusion reason: Does not address research questions; ,Financial Application; Review
A Static-Dynamic Hypergraph Neural Network Framework Based on Residual Learning for Stock Recommendation,"Hao, J.; Liu, Z.; Sun, Q.; Zhang, C.; Wang, J.",,2024,,Complexity,2024,,,,10.1155/2024/5791802,,#535,Hao 2024,Exclusion reason: Does not address research questions; ,Financial Application
Beating a Benchmark: Dynamic Programming May Not Be the Right Numerical Approach,"Van Staden, P.M.; Forsyth, P.A.; Li, Y.",,2023,,SIAM Journal on Financial Mathematics,14,2,407-451,,10.1137/22M1530070,,#539,VanStaden 2023,Exclusion reason: Does not address research questions; ,Financial Application
RLSTM: A New Framework of Stock Prediction by Using Random Noise for Overfitting Prevention,"Zheng, H.; Zhou, Z.; Chen, J.",,2021,,Computational Intelligence and Neuroscience,2021,,,,10.1155/2021/8865816,,#543,Zheng 2021,Exclusion reason: Does not address research questions; ,""
